chapter,verse,source_ranges,mirror_ranges,local_records,source_sha
1,1,1,1,1,ab2d6ac6545e4c138aa4433bf648e9ae32b43bf2
1,2,1,1,1,ab2d6ac6545e4c138aa4433bf648e9ae32b43bf2
1,3,1,1,1,ab2d6ac6545e4c138aa4433bf648e9ae32b43bf2
1,4,1,1,1,ab2d6ac6545e4c138aa4433bf648e9ae32b43bf2
1,5,1,1,1,ab2d6ac6545e4c138aa4433bf648e9ae32b43bf2
1,6,1,1,1,ab2d6ac6545e4c138aa4433bf648e9ae32b43bf2
1,7,1,1,1,ab2d6ac6545e4c138aa4433bf648e9ae32b43bf2
1,8,1,1,1,ab2d6ac6545e4c138aa4433bf648e9ae32b43bf2
1,9,1,1,1,ab2d6ac6545e4c138aa4433bf648e9ae32b43bf2
1,10,1,1,1,ab2d6ac6545e4c138aa4433bf648e9ae32b43bf2
1,11,1,1,1,ab2d6ac6545e4c138aa4433bf648e9ae32b43bf2
1,12,1,1,1,ab2d6ac6545e4c138aa4433bf648e9ae32b43bf2
1,13,1,1,1,ab2d6ac6545e4c138aa4433bf648e9ae32b43bf2
1,14,1,1,1,ab2d6ac6545e4c138aa4433bf648e9ae32b43bf2
1,15,1,1,1,ab2d6ac6545e4c138aa4433bf648e9ae32b43bf2
1,16,1,1,1,ab2d6ac6545e4c138aa4433bf648e9ae32b43bf2
1,17,1,1,1,ab2d6ac6545e4c138aa4433bf648e9ae32b43bf2
1,18,1,1,1,ab2d6ac6545e4c138aa4433bf648e9ae32b43bf2
1,19,1,1,1,ab2d6ac6545e4c138aa4433bf648e9ae32b43bf2
1,20,1,1,0,ab2d6ac6545e4c138aa4433bf648e9ae32b43bf2
1,21,1,1,1,ab2d6ac6545e4c138aa4433bf648e9ae32b43bf2
1,22,1,1,1,ab2d6ac6545e4c138aa4433bf648e9ae32b43bf2
1,23,1,1,1,ab2d6ac6545e4c138aa4433bf648e9ae32b43bf2
1,24,1,1,1,ab2d6ac6545e4c138aa4433bf648e9ae32b43bf2
2,1,1,1,1,9e4e870b2cec74d1efb0176a077707d594ccc5f5
2,2,1,1,1,9e4e870b2cec74d1efb0176a077707d594ccc5f5
2,3,1,1,0,9e4e870b2cec74d1efb0176a077707d594ccc5f5
2,4,1,1,1,9e4e870b2cec74d1efb0176a077707d594ccc5f5
2,5,1,1,1,9e4e870b2cec74d1efb0176a077707d594ccc5f5
2,6,1,1,1,9e4e870b2cec74d1efb0176a077707d594ccc5f5
2,7,1,1,1,9e4e870b2cec74d1efb0176a077707d594ccc5f5
2,8,1,1,1,9e4e870b2cec74d1efb0176a077707d594ccc5f5
2,9,1,1,1,9e4e870b2cec74d1efb0176a077707d594ccc5f5
2,10,1,1,1,9e4e870b2cec74d1efb0176a077707d594ccc5f5
2,11,1,1,1,9e4e870b2cec74d1efb0176a077707d594ccc5f5
2,12,1,1,1,9e4e870b2cec74d1efb0176a077707d594ccc5f5
2,13,1,1,1,9e4e870b2cec74d1efb0176a077707d594ccc5f5
2,14,1,1,1,9e4e870b2cec74d1efb0176a077707d594ccc5f5
2,15,1,1,1,9e4e870b2cec74d1efb0176a077707d594ccc5f5
2,16,1,1,1,9e4e870b2cec74d1efb0176a077707d594ccc5f5
2,17,1,1,1,9e4e870b2cec74d1efb0176a077707d594ccc5f5
2,18,1,1,1,9e4e870b2cec74d1efb0176a077707d594ccc5f5
2,19,1,1,1,9e4e870b2cec74d1efb0176a077707d594ccc5f5
2,20,1,1,1,9e4e870b2cec74d1efb0176a077707d594ccc5f5
2,21,1,1,1,9e4e870b2cec74d1efb0176a077707d594ccc5f5
2,22,1,1,1,9e4e870b2cec74d1efb0176a077707d594ccc5f5
2,23,1,1,1,9e4e870b2cec74d1efb0176a077707d594ccc5f5
2,24,1,1,1,9e4e870b2cec74d1efb0176a077707d594ccc5f5
2,25,1,1,1,9e4e870b2cec74d1efb0176a077707d594ccc5f5
2,26,1,1,1,9e4e870b2cec74d1efb0176a077707d594ccc5f5
2,27,1,1,1,9e4e870b2cec74d1efb0176a077707d594ccc5f5
2,28,1,1,1,9e4e870b2cec74d1efb0176a077707d594ccc5f5
2,29,1,1,1,9e4e870b2cec74d1efb0176a077707d594ccc5f5
2,30,1,1,1,9e4e870b2cec74d1efb0176a077707d594ccc5f5
2,31,1,1,1,9e4e870b2cec74d1efb0176a077707d594ccc5f5
2,32,1,1,1,9e4e870b2cec74d1efb0176a077707d594ccc5f5
2,33,1,1,1,9e4e870b2cec74d1efb0176a077707d594ccc5f5
2,34,1,1,1,9e4e870b2cec74d1efb0176a077707d594ccc5f5
2,35,1,1,1,9e4e870b2cec74d1efb0176a077707d594ccc5f5
2,36,1,1,1,9e4e870b2cec74d1efb0176a077707d594ccc5f5
2,37,1,1,1,9e4e870b2cec74d1efb0176a077707d594ccc5f5
2,38,1,1,1,9e4e870b2cec74d1efb0176a077707d594ccc5f5
2,39,1,1,1,9e4e870b2cec74d1efb0176a077707d594ccc5f5
2,40,1,1,1,9e4e870b2cec74d1efb0176a077707d594ccc5f5
2,41,1,1,1,9e4e870b2cec74d1efb0176a077707d594ccc5f5
2,42,1,1,1,9e4e870b2cec74d1efb0176a077707d594ccc5f5
2,43,1,1,1,9e4e870b2cec74d1efb0176a077707d594ccc5f5
2,44,1,1,1,9e4e870b2cec74d1efb0176a077707d594ccc5f5
2,45,1,1,1,9e4e870b2cec74d1efb0176a077707d594ccc5f5
2,46,1,1,1,9e4e870b2cec74d1efb0176a077707d594ccc5f5
2,47,1,1,1,9e4e870b2cec74d1efb0176a077707d594ccc5f5
2,48,1,1,1,9e4e870b2cec74d1efb0176a077707d594ccc5f5
2,49,1,1,1,9e4e870b2cec74d1efb0176a077707d594ccc5f5
2,50,1,1,1,9e4e870b2cec74d1efb0176a077707d594ccc5f5
2,51,1,1,1,9e4e870b2cec74d1efb0176a077707d594ccc5f5
2,52,1,1,1,9e4e870b2cec74d1efb0176a077707d594ccc5f5
2,53,1,1,1,9e4e870b2cec74d1efb0176a077707d594ccc5f5
2,54,1,1,1,9e4e870b2cec74d1efb0176a077707d594ccc5f5
2,55,1,1,1,9e4e870b2cec74d1efb0176a077707d594ccc5f5
3,1,1,1,1,19b08d97670008defaf2c497098f96e5453b91a0
3,2,1,1,1,19b08d97670008defaf2c497098f96e5453b91a0
3,3,1,1,1,19b08d97670008defaf2c497098f96e5453b91a0
3,4,1,1,1,19b08d97670008defaf2c497098f96e5453b91a0
3,5,1,1,1,19b08d97670008defaf2c497098f96e5453b91a0
3,6,1,1,1,19b08d97670008defaf2c497098f96e5453b91a0
3,7,1,1,1,19b08d97670008defaf2c497098f96e5453b91a0
3,8,1,1,1,19b08d97670008defaf2c497098f96e5453b91a0
3,9,1,1,1,19b08d97670008defaf2c497098f96e5453b91a0
3,10,1,1,1,19b08d97670008defaf2c497098f96e5453b91a0
3,11,1,1,1,19b08d97670008defaf2c497098f96e5453b91a0
3,12,1,1,1,19b08d97670008defaf2c497098f96e5453b91a0
3,13,1,1,1,19b08d97670008defaf2c497098f96e5453b91a0
3,14,1,1,1,19b08d97670008defaf2c497098f96e5453b91a0
3,15,1,1,1,19b08d97670008defaf2c497098f96e5453b91a0
3,16,1,1,1,19b08d97670008defaf2c497098f96e5453b91a0
3,17,1,1,1,19b08d97670008defaf2c497098f96e5453b91a0
3,18,1,1,1,19b08d97670008defaf2c497098f96e5453b91a0
3,19,1,1,1,19b08d97670008defaf2c497098f96e5453b91a0
3,20,1,1,1,19b08d97670008defaf2c497098f96e5453b91a0
3,21,1,1,1,19b08d97670008defaf2c497098f96e5453b91a0
3,22,1,1,1,19b08d97670008defaf2c497098f96e5453b91a0
3,23,1,1,1,19b08d97670008defaf2c497098f96e5453b91a0
3,24,1,1,1,19b08d97670008defaf2c497098f96e5453b91a0
3,25,1,1,1,19b08d97670008defaf2c497098f96e5453b91a0
3,26,1,1,1,19b08d97670008defaf2c497098f96e5453b91a0
3,27,1,1,1,19b08d97670008defaf2c497098f96e5453b91a0
3,28,1,1,1,19b08d97670008defaf2c497098f96e5453b91a0
3,29,1,1,1,19b08d97670008defaf2c497098f96e5453b91a0
3,30,1,1,1,19b08d97670008defaf2c497098f96e5453b91a0
3,31,1,1,1,19b08d97670008defaf2c497098f96e5453b91a0
3,32,1,1,1,19b08d97670008defaf2c497098f96e5453b91a0
3,33,1,1,1,19b08d97670008defaf2c497098f96e5453b91a0
3,34,1,1,1,19b08d97670008defaf2c497098f96e5453b91a0
3,35,1,1,1,19b08d97670008defaf2c497098f96e5453b91a0
3,36,1,1,1,19b08d97670008defaf2c497098f96e5453b91a0
3,37,1,1,1,19b08d97670008defaf2c497098f96e5453b91a0
3,38,1,1,1,19b08d97670008defaf2c497098f96e5453b91a0
3,39,1,1,1,19b08d97670008defaf2c497098f96e5453b91a0
3,40,1,1,1,19b08d97670008defaf2c497098f96e5453b91a0
3,41,1,1,1,19b08d97670008defaf2c497098f96e5453b91a0
3,42,1,1,1,19b08d97670008defaf2c497098f96e5453b91a0
3,43,1,1,1,19b08d97670008defaf2c497098f96e5453b91a0
3,44,1,1,1,19b08d97670008defaf2c497098f96e5453b91a0
3,45,1,1,1,19b08d97670008defaf2c497098f96e5453b91a0
3,46,1,1,1,19b08d97670008defaf2c497098f96e5453b91a0
3,47,1,1,1,19b08d97670008defaf2c497098f96e5453b91a0
3,48,1,1,1,19b08d97670008defaf2c497098f96e5453b91a0
3,49,1,1,1,19b08d97670008defaf2c497098f96e5453b91a0
3,50,1,1,1,19b08d97670008defaf2c497098f96e5453b91a0
3,51,1,1,1,19b08d97670008defaf2c497098f96e5453b91a0
3,52,1,1,1,19b08d97670008defaf2c497098f96e5453b91a0
3,53,1,1,1,19b08d97670008defaf2c497098f96e5453b91a0
3,54,1,1,1,19b08d97670008defaf2c497098f96e5453b91a0
3,55,1,1,1,19b08d97670008defaf2c497098f96e5453b91a0
4,1,1,1,1,625a007902fb300f3c909a17c39773e1e02ed139
4,2,1,1,1,625a007902fb300f3c909a17c39773e1e02ed139
4,3,1,1,1,625a007902fb300f3c909a17c39773e1e02ed139
4,4,1,1,1,625a007902fb300f3c909a17c39773e1e02ed139
4,5,1,1,1,625a007902fb300f3c909a17c39773e1e02ed139
4,6,1,1,1,625a007902fb300f3c909a17c39773e1e02ed139
4,7,1,1,1,625a007902fb300f3c909a17c39773e1e02ed139
4,8,1,1,1,625a007902fb300f3c909a17c39773e1e02ed139
4,9,1,1,1,625a007902fb300f3c909a17c39773e1e02ed139
4,10,1,1,1,625a007902fb300f3c909a17c39773e1e02ed139
4,11,1,1,1,625a007902fb300f3c909a17c39773e1e02ed139
4,12,1,1,1,625a007902fb300f3c909a17c39773e1e02ed139
4,13,1,1,1,625a007902fb300f3c909a17c39773e1e02ed139
4,14,1,1,1,625a007902fb300f3c909a17c39773e1e02ed139
4,15,1,1,1,625a007902fb300f3c909a17c39773e1e02ed139
4,16,1,1,1,625a007902fb300f3c909a17c39773e1e02ed139
4,17,1,1,1,625a007902fb300f3c909a17c39773e1e02ed139
4,18,1,1,1,625a007902fb300f3c909a17c39773e1e02ed139
4,19,1,1,1,625a007902fb300f3c909a17c39773e1e02ed139
4,20,1,1,1,625a007902fb300f3c909a17c39773e1e02ed139
4,21,1,1,1,625a007902fb300f3c909a17c39773e1e02ed139
4,22,1,1,1,625a007902fb300f3c909a17c39773e1e02ed139
4,23,1,1,1,625a007902fb300f3c909a17c39773e1e02ed139
5,1,1,1,1,e1bb44d6d20ea8ba80e4099fe2762ec8b7985162
5,2,1,1,1,e1bb44d6d20ea8ba80e4099fe2762ec8b7985162
5,3,1,1,1,e1bb44d6d20ea8ba80e4099fe2762ec8b7985162
5,4,1,1,1,e1bb44d6d20ea8ba80e4099fe2762ec8b7985162
5,5,1,1,1,e1bb44d6d20ea8ba80e4099fe2762ec8b7985162
5,6,1,1,1,e1bb44d6d20ea8ba80e4099fe2762ec8b7985162
5,7,1,1,1,e1bb44d6d20ea8ba80e4099fe2762ec8b7985162
5,8,1,1,1,e1bb44d6d20ea8ba80e4099fe2762ec8b7985162
5,9,1,1,1,e1bb44d6d20ea8ba80e4099fe2762ec8b7985162
5,10,1,1,1,e1bb44d6d20ea8ba80e4099fe2762ec8b7985162
5,11,1,1,1,e1bb44d6d20ea8ba80e4099fe2762ec8b7985162
5,12,1,1,1,e1bb44d6d20ea8ba80e4099fe2762ec8b7985162
5,13,1,1,1,e1bb44d6d20ea8ba80e4099fe2762ec8b7985162
5,14,1,1,1,e1bb44d6d20ea8ba80e4099fe2762ec8b7985162
5,15,1,1,1,e1bb44d6d20ea8ba80e4099fe2762ec8b7985162
5,16,1,1,1,e1bb44d6d20ea8ba80e4099fe2762ec8b7985162
5,17,1,1,1,e1bb44d6d20ea8ba80e4099fe2762ec8b7985162
5,18,1,1,1,e1bb44d6d20ea8ba80e4099fe2762ec8b7985162
5,19,1,1,1,e1bb44d6d20ea8ba80e4099fe2762ec8b7985162
5,20,1,1,1,e1bb44d6d20ea8ba80e4099fe2762ec8b7985162
5,21,1,1,1,e1bb44d6d20ea8ba80e4099fe2762ec8b7985162
5,22,1,1,1,e1bb44d6d20ea8ba80e4099fe2762ec8b7985162
5,23,1,1,1,e1bb44d6d20ea8ba80e4099fe2762ec8b7985162
5,24,1,1,1,e1bb44d6d20ea8ba80e4099fe2762ec8b7985162
5,25,1,1,1,e1bb44d6d20ea8ba80e4099fe2762ec8b7985162
5,26,1,1,1,e1bb44d6d20ea8ba80e4099fe2762ec8b7985162
5,27,1,1,1,e1bb44d6d20ea8ba80e4099fe2762ec8b7985162
5,28,1,1,1,e1bb44d6d20ea8ba80e4099fe2762ec8b7985162
5,29,1,1,1,e1bb44d6d20ea8ba80e4099fe2762ec8b7985162
5,30,1,1,1,e1bb44d6d20ea8ba80e4099fe2762ec8b7985162
5,31,1,1,1,e1bb44d6d20ea8ba80e4099fe2762ec8b7985162
5,32,1,1,1,e1bb44d6d20ea8ba80e4099fe2762ec8b7985162
5,33,1,1,1,e1bb44d6d20ea8ba80e4099fe2762ec8b7985162
5,34,1,1,1,e1bb44d6d20ea8ba80e4099fe2762ec8b7985162
5,35,1,1,1,e1bb44d6d20ea8ba80e4099fe2762ec8b7985162
5,36,1,1,1,e1bb44d6d20ea8ba80e4099fe2762ec8b7985162
5,37,1,1,1,e1bb44d6d20ea8ba80e4099fe2762ec8b7985162
5,38,1,1,1,e1bb44d6d20ea8ba80e4099fe2762ec8b7985162
5,39,1,1,1,e1bb44d6d20ea8ba80e4099fe2762ec8b7985162
5,40,1,1,1,e1bb44d6d20ea8ba80e4099fe2762ec8b7985162
5,41,1,1,1,e1bb44d6d20ea8ba80e4099fe2762ec8b7985162
5,42,1,1,1,e1bb44d6d20ea8ba80e4099fe2762ec8b7985162
5,43,1,1,1,e1bb44d6d20ea8ba80e4099fe2762ec8b7985162
5,44,1,1,1,e1bb44d6d20ea8ba80e4099fe2762ec8b7985162
5,45,1,1,1,e1bb44d6d20ea8ba80e4099fe2762ec8b7985162
5,46,1,1,1,e1bb44d6d20ea8ba80e4099fe2762ec8b7985162
5,47,1,1,1,e1bb44d6d20ea8ba80e4099fe2762ec8b7985162
5,48,1,1,1,e1bb44d6d20ea8ba80e4099fe2762ec8b7985162
5,49,1,1,1,e1bb44d6d20ea8ba80e4099fe2762ec8b7985162
5,50,1,1,1,e1bb44d6d20ea8ba80e4099fe2762ec8b7985162
5,51,1,1,1,e1bb44d6d20ea8ba80e4099fe2762ec8b7985162
5,52,1,1,1,e1bb44d6d20ea8ba80e4099fe2762ec8b7985162
6,1,1,1,1,a6af2d0e04197cae8ce498d751aa95614e61a119
6,2,1,1,1,a6af2d0e04197cae8ce498d751aa95614e61a119
6,3,1,1,1,a6af2d0e04197cae8ce498d751aa95614e61a119
6,4,1,1,1,a6af2d0e04197cae8ce498d751aa95614e61a119
6,5,1,1,1,a6af2d0e04197cae8ce498d751aa95614e61a119
6,6,1,1,1,a6af2d0e04197cae8ce498d751aa95614e61a119
6,7,1,1,1,a6af2d0e04197cae8ce498d751aa95614e61a119
6,8,1,1,1,a6af2d0e04197cae8ce498d751aa95614e61a119
6,9,1,1,1,a6af2d0e04197cae8ce498d751aa95614e61a119
6,10,1,1,1,a6af2d0e04197cae8ce498d751aa95614e61a119
6,11,1,1,1,a6af2d0e04197cae8ce498d751aa95614e61a119
6,12,1,1,1,a6af2d0e04197cae8ce498d751aa95614e61a119
6,13,1,1,1,a6af2d0e04197cae8ce498d751aa95614e61a119
6,14,1,1,1,a6af2d0e04197cae8ce498d751aa95614e61a119
6,15,1,1,1,a6af2d0e04197cae8ce498d751aa95614e61a119
6,16,1,1,1,a6af2d0e04197cae8ce498d751aa95614e61a119
6,17,1,1,1,a6af2d0e04197cae8ce498d751aa95614e61a119
6,18,1,1,1,a6af2d0e04197cae8ce498d751aa95614e61a119
6,19,1,1,1,a6af2d0e04197cae8ce498d751aa95614e61a119
6,20,1,1,1,a6af2d0e04197cae8ce498d751aa95614e61a119
6,21,1,1,1,a6af2d0e04197cae8ce498d751aa95614e61a119
6,22,1,1,1,a6af2d0e04197cae8ce498d751aa95614e61a119
6,23,1,1,1,a6af2d0e04197cae8ce498d751aa95614e61a119
6,24,1,1,1,a6af2d0e04197cae8ce498d751aa95614e61a119
6,25,1,1,1,a6af2d0e04197cae8ce498d751aa95614e61a119
6,26,1,1,1,a6af2d0e04197cae8ce498d751aa95614e61a119
6,27,1,1,1,a6af2d0e04197cae8ce498d751aa95614e61a119
6,28,1,1,1,a6af2d0e04197cae8ce498d751aa95614e61a119
6,29,1,1,1,a6af2d0e04197cae8ce498d751aa95614e61a119
6,30,1,1,1,a6af2d0e04197cae8ce498d751aa95614e61a119
6,31,1,1,1,a6af2d0e04197cae8ce498d751aa95614e61a119
6,32,1,1,1,a6af2d0e04197cae8ce498d751aa95614e61a119
6,33,1,1,1,a6af2d0e04197cae8ce498d751aa95614e61a119
6,34,1,1,1,a6af2d0e04197cae8ce498d751aa95614e61a119
6,35,1,1,1,a6af2d0e04197cae8ce498d751aa95614e61a119
6,36,1,1,1,a6af2d0e04197cae8ce498d751aa95614e61a119
6,37,1,1,1,a6af2d0e04197cae8ce498d751aa95614e61a119
6,38,1,1,1,a6af2d0e04197cae8ce498d751aa95614e61a119
6,39,1,1,1,a6af2d0e04197cae8ce498d751aa95614e61a119
6,40,1,1,1,a6af2d0e04197cae8ce498d751aa95614e61a119
6,41,1,1,1,a6af2d0e04197cae8ce498d751aa95614e61a119
6,42,1,1,1,a6af2d0e04197cae8ce498d751aa95614e61a119
6,43,1,1,1,a6af2d0e04197cae8ce498d751aa95614e61a119
6,44,1,1,1,a6af2d0e04197cae8ce498d751aa95614e61a119
6,45,1,1,1,a6af2d0e04197cae8ce498d751aa95614e61a119
6,46,1,1,1,a6af2d0e04197cae8ce498d751aa95614e61a119
6,47,1,1,1,a6af2d0e04197cae8ce498d751aa95614e61a119
6,48,1,1,1,a6af2d0e04197cae8ce498d751aa95614e61a119
6,49,1,1,1,a6af2d0e04197cae8ce498d751aa95614e61a119
6,50,1,1,1,a6af2d0e04197cae8ce498d751aa95614e61a119
7,1,1,1,1,f9a1c48799613f7d500dd36166e43db450a931f6
7,2,1,1,1,f9a1c48799613f7d500dd36166e43db450a931f6
7,3,1,1,1,f9a1c48799613f7d500dd36166e43db450a931f6
7,4,1,1,1,f9a1c48799613f7d500dd36166e43db450a931f6
7,5,1,1,1,f9a1c48799613f7d500dd36166e43db450a931f6
7,6,1,1,1,f9a1c48799613f7d500dd36166e43db450a931f6
7,7,1,1,1,f9a1c48799613f7d500dd36166e43db450a931f6
7,8,1,1,1,f9a1c48799613f7d500dd36166e43db450a931f6
7,9,1,1,1,f9a1c48799613f7d500dd36166e43db450a931f6
7,10,1,1,1,f9a1c48799613f7d500dd36166e43db450a931f6
7,11,1,1,1,f9a1c48799613f7d500dd36166e43db450a931f6
7,12,1,1,1,f9a1c48799613f7d500dd36166e43db450a931f6
7,13,1,1,1,f9a1c48799613f7d500dd36166e43db450a931f6
7,14,1,1,1,f9a1c48799613f7d500dd36166e43db450a931f6
7,15,1,1,1,f9a1c48799613f7d500dd36166e43db450a931f6
7,16,1,1,1,f9a1c48799613f7d500dd36166e43db450a931f6
7,17,1,1,1,f9a1c48799613f7d500dd36166e43db450a931f6
7,18,1,1,1,f9a1c48799613f7d500dd36166e43db450a931f6
7,19,1,1,1,f9a1c48799613f7d500dd36166e43db450a931f6
7,20,1,1,1,f9a1c48799613f7d500dd36166e43db450a931f6
7,21,1,1,1,f9a1c48799613f7d500dd36166e43db450a931f6
7,22,1,1,1,f9a1c48799613f7d500dd36166e43db450a931f6
7,23,1,1,1,f9a1c48799613f7d500dd36166e43db450a931f6
7,24,1,1,1,f9a1c48799613f7d500dd36166e43db450a931f6
7,25,1,1,1,f9a1c48799613f7d500dd36166e43db450a931f6
7,26,1,1,1,f9a1c48799613f7d500dd36166e43db450a931f6
7,27,1,1,1,f9a1c48799613f7d500dd36166e43db450a931f6
7,28,1,1,1,f9a1c48799613f7d500dd36166e43db450a931f6
7,29,1,1,1,f9a1c48799613f7d500dd36166e43db450a931f6
7,30,1,1,1,f9a1c48799613f7d500dd36166e43db450a931f6
7,31,1,1,1,f9a1c48799613f7d500dd36166e43db450a931f6
7,32,1,1,1,f9a1c48799613f7d500dd36166e43db450a931f6
7,33,1,1,1,f9a1c48799613f7d500dd36166e43db450a931f6
7,34,1,1,1,f9a1c48799613f7d500dd36166e43db450a931f6
7,35,1,1,1,f9a1c48799613f7d500dd36166e43db450a931f6
7,36,1,1,1,f9a1c48799613f7d500dd36166e43db450a931f6
7,37,1,1,1,f9a1c48799613f7d500dd36166e43db450a931f6
7,38,1,1,1,f9a1c48799613f7d500dd36166e43db450a931f6
7,39,1,1,1,f9a1c48799613f7d500dd36166e43db450a931f6
7,40,1,1,1,f9a1c48799613f7d500dd36166e43db450a931f6
7,41,1,1,1,f9a1c48799613f7d500dd36166e43db450a931f6
7,42,1,1,1,f9a1c48799613f7d500dd36166e43db450a931f6
7,43,1,1,1,f9a1c48799613f7d500dd36166e43db450a931f6
7,44,1,1,1,f9a1c48799613f7d500dd36166e43db450a931f6
7,45,1,1,1,f9a1c48799613f7d500dd36166e43db450a931f6
7,46,1,1,1,f9a1c48799613f7d500dd36166e43db450a931f6
7,47,1,1,1,f9a1c48799613f7d500dd36166e43db450a931f6
7,48,1,1,1,f9a1c48799613f7d500dd36166e43db450a931f6
7,49,1,1,1,f9a1c48799613f7d500dd36166e43db450a931f6
7,50,1,1,1,f9a1c48799613f7d500dd36166e43db450a931f6
7,51,1,1,1,f9a1c48799613f7d500dd36166e43db450a931f6
7,52,1,1,1,f9a1c48799613f7d500dd36166e43db450a931f6
7,53,1,1,1,f9a1c48799613f7d500dd36166e43db450a931f6
7,54,1,1,1,f9a1c48799613f7d500dd36166e43db450a931f6
7,55,1,1,1,f9a1c48799613f7d500dd36166e43db450a931f6
7,56,1,1,1,f9a1c48799613f7d500dd36166e43db450a931f6
7,57,1,1,1,f9a1c48799613f7d500dd36166e43db450a931f6
7,58,1,1,1,f9a1c48799613f7d500dd36166e43db450a931f6
7,59,1,1,1,f9a1c48799613f7d500dd36166e43db450a931f6
7,60,1,1,1,f9a1c48799613f7d500dd36166e43db450a931f6
7,61,1,1,1,f9a1c48799613f7d500dd36166e43db450a931f6
7,62,1,1,1,f9a1c48799613f7d500dd36166e43db450a931f6
7,63,1,1,1,f9a1c48799613f7d500dd36166e43db450a931f6
7,64,1,1,1,f9a1c48799613f7d500dd36166e43db450a931f6
7,65,1,1,1,f9a1c48799613f7d500dd36166e43db450a931f6
7,66,1,1,1,f9a1c48799613f7d500dd36166e43db450a931f6
7,67,1,1,1,f9a1c48799613f7d500dd36166e43db450a931f6
7,68,1,1,1,f9a1c48799613f7d500dd36166e43db450a931f6
7,69,1,1,1,f9a1c48799613f7d500dd36166e43db450a931f6
7,70,1,1,1,f9a1c48799613f7d500dd36166e43db450a931f6
7,71,1,1,1,f9a1c48799613f7d500dd36166e43db450a931f6
7,72,1,1,1,f9a1c48799613f7d500dd36166e43db450a931f6
7,73,1,1,1,f9a1c48799613f7d500dd36166e43db450a931f6
7,74,1,1,1,f9a1c48799613f7d500dd36166e43db450a931f6
8,1,1,1,1,4fcac9d073f81d77d8c4d44fb701256fefe7d339
8,2,1,1,1,4fcac9d073f81d77d8c4d44fb701256fefe7d339
8,3,1,1,1,4fcac9d073f81d77d8c4d44fb701256fefe7d339
8,4,1,1,1,4fcac9d073f81d77d8c4d44fb701256fefe7d339
8,5,1,1,1,4fcac9d073f81d77d8c4d44fb701256fefe7d339
8,6,1,1,1,4fcac9d073f81d77d8c4d44fb701256fefe7d339
8,7,1,1,1,4fcac9d073f81d77d8c4d44fb701256fefe7d339
8,8,1,1,1,4fcac9d073f81d77d8c4d44fb701256fefe7d339
8,9,1,1,1,4fcac9d073f81d77d8c4d44fb701256fefe7d339
8,10,1,1,1,4fcac9d073f81d77d8c4d44fb701256fefe7d339
8,11,1,1,1,4fcac9d073f81d77d8c4d44fb701256fefe7d339
8,12,1,1,1,4fcac9d073f81d77d8c4d44fb701256fefe7d339
8,13,1,1,1,4fcac9d073f81d77d8c4d44fb701256fefe7d339
8,14,1,1,1,4fcac9d073f81d77d8c4d44fb701256fefe7d339
8,15,1,1,1,4fcac9d073f81d77d8c4d44fb701256fefe7d339
8,16,1,1,1,4fcac9d073f81d77d8c4d44fb701256fefe7d339
8,17,1,1,1,4fcac9d073f81d77d8c4d44fb701256fefe7d339
8,18,1,1,1,4fcac9d073f81d77d8c4d44fb701256fefe7d339
8,19,1,1,1,4fcac9d073f81d77d8c4d44fb701256fefe7d339
8,20,1,1,1,4fcac9d073f81d77d8c4d44fb701256fefe7d339
8,21,1,1,1,4fcac9d073f81d77d8c4d44fb701256fefe7d339
8,22,1,1,1,4fcac9d073f81d77d8c4d44fb701256fefe7d339
8,23,1,1,1,4fcac9d073f81d77d8c4d44fb701256fefe7d339
8,24,1,1,1,4fcac9d073f81d77d8c4d44fb701256fefe7d339
8,25,1,1,1,4fcac9d073f81d77d8c4d44fb701256fefe7d339
8,26,1,1,1,4fcac9d073f81d77d8c4d44fb701256fefe7d339
8,27,1,1,1,4fcac9d073f81d77d8c4d44fb701256fefe7d339
8,28,1,1,1,4fcac9d073f81d77d8c4d44fb701256fefe7d339
8,29,1,1,1,4fcac9d073f81d77d8c4d44fb701256fefe7d339
8,30,1,1,1,4fcac9d073f81d77d8c4d44fb701256fefe7d339
8,31,1,1,1,4fcac9d073f81d77d8c4d44fb701256fefe7d339
8,32,1,1,1,4fcac9d073f81d77d8c4d44fb701256fefe7d339
8,33,1,1,1,4fcac9d073f81d77d8c4d44fb701256fefe7d339
8,34,1,1,1,4fcac9d073f81d77d8c4d44fb701256fefe7d339
8,35,1,1,1,4fcac9d073f81d77d8c4d44fb701256fefe7d339
8,36,1,1,1,4fcac9d073f81d77d8c4d44fb701256fefe7d339
8,37,1,1,1,4fcac9d073f81d77d8c4d44fb701256fefe7d339
8,38,1,1,1,4fcac9d073f81d77d8c4d44fb701256fefe7d339
8,39,1,1,1,4fcac9d073f81d77d8c4d44fb701256fefe7d339
8,40,1,1,1,4fcac9d073f81d77d8c4d44fb701256fefe7d339
8,41,1,1,1,4fcac9d073f81d77d8c4d44fb701256fefe7d339
8,42,1,1,1,4fcac9d073f81d77d8c4d44fb701256fefe7d339
8,43,1,1,1,4fcac9d073f81d77d8c4d44fb701256fefe7d339
8,44,1,1,1,4fcac9d073f81d77d8c4d44fb701256fefe7d339
9,1,1,1,1,165bd6c9cc07d1813a192c6fa900d32273c65120
9,2,1,1,1,165bd6c9cc07d1813a192c6fa900d32273c65120
9,3,1,1,1,165bd6c9cc07d1813a192c6fa900d32273c65120
9,4,1,1,1,165bd6c9cc07d1813a192c6fa900d32273c65120
9,5,1,1,1,165bd6c9cc07d1813a192c6fa900d32273c65120
9,6,1,1,1,165bd6c9cc07d1813a192c6fa900d32273c65120
9,7,1,1,1,165bd6c9cc07d1813a192c6fa900d32273c65120
9,8,1,1,1,165bd6c9cc07d1813a192c6fa900d32273c65120
9,9,1,1,1,165bd6c9cc07d1813a192c6fa900d32273c65120
9,10,1,1,1,165bd6c9cc07d1813a192c6fa900d32273c65120
9,11,1,1,1,165bd6c9cc07d1813a192c6fa900d32273c65120
9,12,1,1,1,165bd6c9cc07d1813a192c6fa900d32273c65120
9,13,1,1,1,165bd6c9cc07d1813a192c6fa900d32273c65120
9,14,1,1,1,165bd6c9cc07d1813a192c6fa900d32273c65120
9,15,1,1,1,165bd6c9cc07d1813a192c6fa900d32273c65120
9,16,1,1,1,165bd6c9cc07d1813a192c6fa900d32273c65120
9,17,1,1,1,165bd6c9cc07d1813a192c6fa900d32273c65120
9,18,1,1,1,165bd6c9cc07d1813a192c6fa900d32273c65120
9,19,1,1,1,165bd6c9cc07d1813a192c6fa900d32273c65120
9,20,1,1,1,165bd6c9cc07d1813a192c6fa900d32273c65120
9,21,1,1,1,165bd6c9cc07d1813a192c6fa900d32273c65120
9,22,1,1,1,165bd6c9cc07d1813a192c6fa900d32273c65120
9,23,1,1,1,165bd6c9cc07d1813a192c6fa900d32273c65120
9,24,1,1,1,165bd6c9cc07d1813a192c6fa900d32273c65120
9,25,1,1,1,165bd6c9cc07d1813a192c6fa900d32273c65120
9,26,1,1,1,165bd6c9cc07d1813a192c6fa900d32273c65120
9,27,1,1,1,165bd6c9cc07d1813a192c6fa900d32273c65120
9,28,1,1,1,165bd6c9cc07d1813a192c6fa900d32273c65120
9,29,1,1,1,165bd6c9cc07d1813a192c6fa900d32273c65120
9,30,1,1,1,165bd6c9cc07d1813a192c6fa900d32273c65120
9,31,1,1,1,165bd6c9cc07d1813a192c6fa900d32273c65120
9,32,1,1,1,165bd6c9cc07d1813a192c6fa900d32273c65120
9,33,1,1,1,165bd6c9cc07d1813a192c6fa900d32273c65120
10,1,1,1,1,64ba810446042f25ba5faeee398cc3d96653fbba
10,2,1,1,1,64ba810446042f25ba5faeee398cc3d96653fbba
10,3,1,1,1,64ba810446042f25ba5faeee398cc3d96653fbba
10,4,1,1,1,64ba810446042f25ba5faeee398cc3d96653fbba
10,5,1,1,1,64ba810446042f25ba5faeee398cc3d96653fbba
10,6,1,1,1,64ba810446042f25ba5faeee398cc3d96653fbba
10,7,1,1,1,64ba810446042f25ba5faeee398cc3d96653fbba
10,8,1,1,1,64ba810446042f25ba5faeee398cc3d96653fbba
10,9,1,1,1,64ba810446042f25ba5faeee398cc3d96653fbba
10,10,1,1,1,64ba810446042f25ba5faeee398cc3d96653fbba
10,11,1,1,1,64ba810446042f25ba5faeee398cc3d96653fbba
10,12,1,1,1,64ba810446042f25ba5faeee398cc3d96653fbba
10,13,1,1,1,64ba810446042f25ba5faeee398cc3d96653fbba
10,14,1,1,1,64ba810446042f25ba5faeee398cc3d96653fbba
10,15,1,1,1,64ba810446042f25ba5faeee398cc3d96653fbba
10,16,1,1,1,64ba810446042f25ba5faeee398cc3d96653fbba
10,17,1,1,1,64ba810446042f25ba5faeee398cc3d96653fbba
10,18,1,1,1,64ba810446042f25ba5faeee398cc3d96653fbba
10,19,1,1,1,64ba810446042f25ba5faeee398cc3d96653fbba
10,20,1,1,1,64ba810446042f25ba5faeee398cc3d96653fbba
10,21,1,1,1,64ba810446042f25ba5faeee398cc3d96653fbba
10,22,1,1,1,64ba810446042f25ba5faeee398cc3d96653fbba
10,23,1,1,1,64ba810446042f25ba5faeee398cc3d96653fbba
10,24,1,1,1,64ba810446042f25ba5faeee398cc3d96653fbba
10,25,1,1,1,64ba810446042f25ba5faeee398cc3d96653fbba
10,26,1,1,1,64ba810446042f25ba5faeee398cc3d96653fbba
10,27,1,1,1,64ba810446042f25ba5faeee398cc3d96653fbba
10,28,1,1,1,64ba810446042f25ba5faeee398cc3d96653fbba
10,29,1,1,1,64ba810446042f25ba5faeee398cc3d96653fbba
10,30,1,1,1,64ba810446042f25ba5faeee398cc3d96653fbba
10,31,1,1,1,64ba810446042f25ba5faeee398cc3d96653fbba
10,32,1,1,1,64ba810446042f25ba5faeee398cc3d96653fbba
10,33,1,1,1,64ba810446042f25ba5faeee398cc3d96653fbba
10,34,1,1,1,64ba810446042f25ba5faeee398cc3d96653fbba
10,35,1,1,1,64ba810446042f25ba5faeee398cc3d96653fbba
10,36,1,1,1,64ba810446042f25ba5faeee398cc3d96653fbba
10,37,1,1,1,64ba810446042f25ba5faeee398cc3d96653fbba
11,1,1,1,1,e69f5597e4c7a33f7ae673a49eb0bbf46471aa12
11,2,1,1,1,e69f5597e4c7a33f7ae673a49eb0bbf46471aa12
11,3,1,1,1,e69f5597e4c7a33f7ae673a49eb0bbf46471aa12
11,4,1,1,1,e69f5597e4c7a33f7ae673a49eb0bbf46471aa12
11,5,1,1,1,e69f5597e4c7a33f7ae673a49eb0bbf46471aa12
11,6,1,1,1,e69f5597e4c7a33f7ae673a49eb0bbf46471aa12
11,7,1,1,1,e69f5597e4c7a33f7ae673a49eb0bbf46471aa12
11,8,1,1,1,e69f5597e4c7a33f7ae673a49eb0bbf46471aa12
11,9,1,1,1,e69f5597e4c7a33f7ae673a49eb0bbf46471aa12
11,10,1,1,1,e69f5597e4c7a33f7ae673a49eb0bbf46471aa12
11,11,1,1,1,e69f5597e4c7a33f7ae673a49eb0bbf46471aa12
11,12,1,1,1,e69f5597e4c7a33f7ae673a49eb0bbf46471aa12
11,13,1,1,1,e69f5597e4c7a33f7ae673a49eb0bbf46471aa12
11,14,1,1,1,e69f5597e4c7a33f7ae673a49eb0bbf46471aa12
11,15,1,1,1,e69f5597e4c7a33f7ae673a49eb0bbf46471aa12
11,16,1,1,1,e69f5597e4c7a33f7ae673a49eb0bbf46471aa12
11,17,1,1,1,e69f5597e4c7a33f7ae673a49eb0bbf46471aa12
11,18,1,1,1,e69f5597e4c7a33f7ae673a49eb0bbf46471aa12
11,19,1,1,1,e69f5597e4c7a33f7ae673a49eb0bbf46471aa12
11,20,1,1,1,e69f5597e4c7a33f7ae673a49eb0bbf46471aa12
11,21,1,1,1,e69f5597e4c7a33f7ae673a49eb0bbf46471aa12
11,22,1,1,1,e69f5597e4c7a33f7ae673a49eb0bbf46471aa12
11,23,1,1,1,e69f5597e4c7a33f7ae673a49eb0bbf46471aa12
11,24,1,1,1,e69f5597e4c7a33f7ae673a49eb0bbf46471aa12
11,25,1,1,1,e69f5597e4c7a33f7ae673a49eb0bbf46471aa12
11,26,1,1,1,e69f5597e4c7a33f7ae673a49eb0bbf46471aa12
11,27,1,1,1,e69f5597e4c7a33f7ae673a49eb0bbf46471aa12
11,28,1,1,1,e69f5597e4c7a33f7ae673a49eb0bbf46471aa12
11,29,1,1,1,e69f5597e4c7a33f7ae673a49eb0bbf46471aa12
11,30,1,1,1,e69f5597e4c7a33f7ae673a49eb0bbf46471aa12
11,31,1,1,1,e69f5597e4c7a33f7ae673a49eb0bbf46471aa12
11,32,1,1,1,e69f5597e4c7a33f7ae673a49eb0bbf46471aa12
11,33,1,1,1,e69f5597e4c7a33f7ae673a49eb0bbf46471aa12
11,34,1,1,1,e69f5597e4c7a33f7ae673a49eb0bbf46471aa12
11,35,1,1,1,e69f5597e4c7a33f7ae673a49eb0bbf46471aa12
11,36,1,1,1,e69f5597e4c7a33f7ae673a49eb0bbf46471aa12
11,37,1,1,1,e69f5597e4c7a33f7ae673a49eb0bbf46471aa12
11,38,1,1,1,e69f5597e4c7a33f7ae673a49eb0bbf46471aa12
11,39,1,1,1,e69f5597e4c7a33f7ae673a49eb0bbf46471aa12
11,40,1,1,1,e69f5597e4c7a33f7ae673a49eb0bbf46471aa12
11,41,1,1,1,e69f5597e4c7a33f7ae673a49eb0bbf46471aa12
11,42,1,1,1,e69f5597e4c7a33f7ae673a49eb0bbf46471aa12
11,43,1,1,1,e69f5597e4c7a33f7ae673a49eb0bbf46471aa12
11,44,1,1,1,e69f5597e4c7a33f7ae673a49eb0bbf46471aa12
11,45,1,1,1,e69f5597e4c7a33f7ae673a49eb0bbf46471aa12
11,46,1,1,1,e69f5597e4c7a33f7ae673a49eb0bbf46471aa12
11,47,1,1,1,e69f5597e4c7a33f7ae673a49eb0bbf46471aa12
11,48,1,1,1,e69f5597e4c7a33f7ae673a49eb0bbf46471aa12
11,49,1,1,1,e69f5597e4c7a33f7ae673a49eb0bbf46471aa12
12,1,1,1,1,0bcab862495977a8b6f5e79de1b15e7f25680952
12,2,1,1,1,0bcab862495977a8b6f5e79de1b15e7f25680952
12,3,1,1,1,0bcab862495977a8b6f5e79de1b15e7f25680952
12,4,1,1,1,0bcab862495977a8b6f5e79de1b15e7f25680952
12,5,1,1,1,0bcab862495977a8b6f5e79de1b15e7f25680952
12,6,1,1,1,0bcab862495977a8b6f5e79de1b15e7f25680952
12,7,1,1,1,0bcab862495977a8b6f5e79de1b15e7f25680952
12,8,1,1,1,0bcab862495977a8b6f5e79de1b15e7f25680952
12,9,1,1,1,0bcab862495977a8b6f5e79de1b15e7f25680952
12,10,1,1,1,0bcab862495977a8b6f5e79de1b15e7f25680952
12,11,1,1,1,0bcab862495977a8b6f5e79de1b15e7f25680952
12,12,1,1,1,0bcab862495977a8b6f5e79de1b15e7f25680952
12,13,1,1,1,0bcab862495977a8b6f5e79de1b15e7f25680952
12,14,1,1,1,0bcab862495977a8b6f5e79de1b15e7f25680952
12,15,1,1,1,0bcab862495977a8b6f5e79de1b15e7f25680952
12,16,1,1,1,0bcab862495977a8b6f5e79de1b15e7f25680952
12,17,1,1,1,0bcab862495977a8b6f5e79de1b15e7f25680952
12,18,1,1,1,0bcab862495977a8b6f5e79de1b15e7f25680952
12,19,1,1,1,0bcab862495977a8b6f5e79de1b15e7f25680952
12,20,1,1,1,0bcab862495977a8b6f5e79de1b15e7f25680952
12,21,1,1,1,0bcab862495977a8b6f5e79de1b15e7f25680952
12,22,1,1,1,0bcab862495977a8b6f5e79de1b15e7f25680952
12,23,1,1,1,0bcab862495977a8b6f5e79de1b15e7f25680952
12,24,1,1,1,0bcab862495977a8b6f5e79de1b15e7f25680952
13,1,1,1,1,1a2674113664e9fa7de40e55185dde2dd5b20a35
13,2,1,1,1,1a2674113664e9fa7de40e55185dde2dd5b20a35
13,3,1,1,1,1a2674113664e9fa7de40e55185dde2dd5b20a35
13,4,1,1,1,1a2674113664e9fa7de40e55185dde2dd5b20a35
13,5,1,1,1,1a2674113664e9fa7de40e55185dde2dd5b20a35
13,6,1,1,1,1a2674113664e9fa7de40e55185dde2dd5b20a35
13,7,1,1,1,1a2674113664e9fa7de40e55185dde2dd5b20a35
13,8,1,1,1,1a2674113664e9fa7de40e55185dde2dd5b20a35
13,9,1,1,1,1a2674113664e9fa7de40e55185dde2dd5b20a35
13,10,1,1,1,1a2674113664e9fa7de40e55185dde2dd5b20a35
13,11,1,1,1,1a2674113664e9fa7de40e55185dde2dd5b20a35
13,12,1,1,1,1a2674113664e9fa7de40e55185dde2dd5b20a35
13,13,1,1,1,1a2674113664e9fa7de40e55185dde2dd5b20a35
13,14,1,1,1,1a2674113664e9fa7de40e55185dde2dd5b20a35
13,15,1,1,1,1a2674113664e9fa7de40e55185dde2dd5b20a35
13,16,1,1,1,1a2674113664e9fa7de40e55185dde2dd5b20a35
13,17,1,1,1,1a2674113664e9fa7de40e55185dde2dd5b20a35
13,18,1,1,1,1a2674113664e9fa7de40e55185dde2dd5b20a35
13,19,1,1,1,1a2674113664e9fa7de40e55185dde2dd5b20a35
13,20,1,1,1,1a2674113664e9fa7de40e55185dde2dd5b20a35
13,21,1,1,1,1a2674113664e9fa7de40e55185dde2dd5b20a35
13,22,1,1,1,1a2674113664e9fa7de40e55185dde2dd5b20a35
13,23,1,1,1,1a2674113664e9fa7de40e55185dde2dd5b20a35
13,24,1,1,1,1a2674113664e9fa7de40e55185dde2dd5b20a35
13,25,1,1,1,1a2674113664e9fa7de40e55185dde2dd5b20a35
13,26,1,1,1,1a2674113664e9fa7de40e55185dde2dd5b20a35
13,27,1,1,1,1a2674113664e9fa7de40e55185dde2dd5b20a35
13,28,1,1,1,1a2674113664e9fa7de40e55185dde2dd5b20a35
13,29,1,1,1,1a2674113664e9fa7de40e55185dde2dd5b20a35
13,30,1,1,1,1a2674113664e9fa7de40e55185dde2dd5b20a35
13,31,1,1,1,1a2674113664e9fa7de40e55185dde2dd5b20a35
13,32,1,1,1,1a2674113664e9fa7de40e55185dde2dd5b20a35
13,33,1,1,1,1a2674113664e9fa7de40e55185dde2dd5b20a35
13,34,1,1,1,1a2674113664e9fa7de40e55185dde2dd5b20a35
13,35,1,1,1,1a2674113664e9fa7de40e55185dde2dd5b20a35
13,36,1,1,1,1a2674113664e9fa7de40e55185dde2dd5b20a35
13,37,1,1,1,1a2674113664e9fa7de40e55185dde2dd5b20a35
13,38,1,1,1,1a2674113664e9fa7de40e55185dde2dd5b20a35
13,39,1,1,1,1a2674113664e9fa7de40e55185dde2dd5b20a35
13,40,1,1,1,1a2674113664e9fa7de40e55185dde2dd5b20a35
13,41,1,1,1,1a2674113664e9fa7de40e55185dde2dd5b20a35
13,42,1,1,1,1a2674113664e9fa7de40e55185dde2dd5b20a35
14,1,1,1,1,7be1e3bfdf5bd8af19cf2af2dd4b29c5df985250
14,2,1,1,1,7be1e3bfdf5bd8af19cf2af2dd4b29c5df985250
14,3,1,1,1,7be1e3bfdf5bd8af19cf2af2dd4b29c5df985250
14,4,1,1,1,7be1e3bfdf5bd8af19cf2af2dd4b29c5df985250
14,5,1,1,1,7be1e3bfdf5bd8af19cf2af2dd4b29c5df985250
14,6,1,1,1,7be1e3bfdf5bd8af19cf2af2dd4b29c5df985250
14,7,1,1,1,7be1e3bfdf5bd8af19cf2af2dd4b29c5df985250
14,8,1,1,1,7be1e3bfdf5bd8af19cf2af2dd4b29c5df985250
14,9,1,1,1,7be1e3bfdf5bd8af19cf2af2dd4b29c5df985250
14,10,1,1,1,7be1e3bfdf5bd8af19cf2af2dd4b29c5df985250
14,11,1,1,1,7be1e3bfdf5bd8af19cf2af2dd4b29c5df985250
14,12,1,1,1,7be1e3bfdf5bd8af19cf2af2dd4b29c5df985250
14,13,1,1,1,7be1e3bfdf5bd8af19cf2af2dd4b29c5df985250
14,14,1,1,1,7be1e3bfdf5bd8af19cf2af2dd4b29c5df985250
14,15,1,1,1,7be1e3bfdf5bd8af19cf2af2dd4b29c5df985250
14,16,1,1,1,7be1e3bfdf5bd8af19cf2af2dd4b29c5df985250
14,17,1,1,1,7be1e3bfdf5bd8af19cf2af2dd4b29c5df985250
14,18,1,1,1,7be1e3bfdf5bd8af19cf2af2dd4b29c5df985250
14,19,1,1,1,7be1e3bfdf5bd8af19cf2af2dd4b29c5df985250
14,20,1,1,1,7be1e3bfdf5bd8af19cf2af2dd4b29c5df985250
14,21,1,1,1,7be1e3bfdf5bd8af19cf2af2dd4b29c5df985250
14,22,1,1,1,7be1e3bfdf5bd8af19cf2af2dd4b29c5df985250
14,23,1,1,1,7be1e3bfdf5bd8af19cf2af2dd4b29c5df985250
14,24,1,1,1,7be1e3bfdf5bd8af19cf2af2dd4b29c5df985250
14,25,1,1,1,7be1e3bfdf5bd8af19cf2af2dd4b29c5df985250
14,26,1,1,1,7be1e3bfdf5bd8af19cf2af2dd4b29c5df985250
14,27,1,1,1,7be1e3bfdf5bd8af19cf2af2dd4b29c5df985250
14,28,1,1,1,7be1e3bfdf5bd8af19cf2af2dd4b29c5df985250
14,29,1,1,1,7be1e3bfdf5bd8af19cf2af2dd4b29c5df985250
14,30,1,1,1,7be1e3bfdf5bd8af19cf2af2dd4b29c5df985250
14,31,1,1,1,7be1e3bfdf5bd8af19cf2af2dd4b29c5df985250
14,32,1,1,1,7be1e3bfdf5bd8af19cf2af2dd4b29c5df985250
14,33,1,1,1,7be1e3bfdf5bd8af19cf2af2dd4b29c5df985250
14,34,1,1,1,7be1e3bfdf5bd8af19cf2af2dd4b29c5df985250
14,35,1,1,1,7be1e3bfdf5bd8af19cf2af2dd4b29c5df985250
14,36,1,1,1,7be1e3bfdf5bd8af19cf2af2dd4b29c5df985250
14,37,1,1,1,7be1e3bfdf5bd8af19cf2af2dd4b29c5df985250
14,38,1,1,1,7be1e3bfdf5bd8af19cf2af2dd4b29c5df985250
14,39,1,1,1,7be1e3bfdf5bd8af19cf2af2dd4b29c5df985250
14,40,1,1,1,7be1e3bfdf5bd8af19cf2af2dd4b29c5df985250
14,41,1,1,1,7be1e3bfdf5bd8af19cf2af2dd4b29c5df985250
14,42,1,1,1,7be1e3bfdf5bd8af19cf2af2dd4b29c5df985250
14,43,1,1,1,7be1e3bfdf5bd8af19cf2af2dd4b29c5df985250
14,44,1,1,1,7be1e3bfdf5bd8af19cf2af2dd4b29c5df985250
14,45,1,1,1,7be1e3bfdf5bd8af19cf2af2dd4b29c5df985250
14,46,1,1,1,7be1e3bfdf5bd8af19cf2af2dd4b29c5df985250
15,1,1,1,1,6e8ba33aebf011f81aa4bb93449bb2bc4d3baa22
15,2,1,1,1,6e8ba33aebf011f81aa4bb93449bb2bc4d3baa22
15,3,1,1,1,6e8ba33aebf011f81aa4bb93449bb2bc4d3baa22
15,4,1,1,1,6e8ba33aebf011f81aa4bb93449bb2bc4d3baa22
15,5,1,1,1,6e8ba33aebf011f81aa4bb93449bb2bc4d3baa22
15,6,1,1,1,6e8ba33aebf011f81aa4bb93449bb2bc4d3baa22
15,7,0,1,1,6e8ba33aebf011f81aa4bb93449bb2bc4d3baa22
15,8,0,1,1,6e8ba33aebf011f81aa4bb93449bb2bc4d3baa22
15,9,1,1,1,6e8ba33aebf011f81aa4bb93449bb2bc4d3baa22
15,10,1,1,1,6e8ba33aebf011f81aa4bb93449bb2bc4d3baa22
15,11,1,1,1,6e8ba33aebf011f81aa4bb93449bb2bc4d3baa22
15,12,1,1,1,6e8ba33aebf011f81aa4bb93449bb2bc4d3baa22
15,13,1,1,1,6e8ba33aebf011f81aa4bb93449bb2bc4d3baa22
15,14,1,1,1,6e8ba33aebf011f81aa4bb93449bb2bc4d3baa22
15,15,1,1,1,6e8ba33aebf011f81aa4bb93449bb2bc4d3baa22
15,16,1,1,1,6e8ba33aebf011f81aa4bb93449bb2bc4d3baa22
15,17,1,1,1,6e8ba33aebf011f81aa4bb93449bb2bc4d3baa22
15,18,1,1,1,6e8ba33aebf011f81aa4bb93449bb2bc4d3baa22
15,19,1,1,1,6e8ba33aebf011f81aa4bb93449bb2bc4d3baa22
15,20,1,1,1,6e8ba33aebf011f81aa4bb93449bb2bc4d3baa22
15,21,1,1,1,6e8ba33aebf011f81aa4bb93449bb2bc4d3baa22
15,22,1,1,1,6e8ba33aebf011f81aa4bb93449bb2bc4d3baa22
15,23,1,1,1,6e8ba33aebf011f81aa4bb93449bb2bc4d3baa22
15,24,1,1,1,6e8ba33aebf011f81aa4bb93449bb2bc4d3baa22
15,25,1,1,1,6e8ba33aebf011f81aa4bb93449bb2bc4d3baa22
15,26,1,1,1,6e8ba33aebf011f81aa4bb93449bb2bc4d3baa22
15,27,1,1,1,6e8ba33aebf011f81aa4bb93449bb2bc4d3baa22
15,28,1,1,1,6e8ba33aebf011f81aa4bb93449bb2bc4d3baa22
15,29,1,1,1,6e8ba33aebf011f81aa4bb93449bb2bc4d3baa22
15,30,1,1,1,6e8ba33aebf011f81aa4bb93449bb2bc4d3baa22
15,31,1,1,1,6e8ba33aebf011f81aa4bb93449bb2bc4d3baa22
15,32,1,1,1,6e8ba33aebf011f81aa4bb93449bb2bc4d3baa22
15,33,1,1,1,6e8ba33aebf011f81aa4bb93449bb2bc4d3baa22
15,34,1,1,1,6e8ba33aebf011f81aa4bb93449bb2bc4d3baa22
15,35,1,1,1,6e8ba33aebf011f81aa4bb93449bb2bc4d3baa22
15,36,1,1,1,6e8ba33aebf011f81aa4bb93449bb2bc4d3baa22
16,1,1,1,1,7dd0d66d7a89b0f81a42ff43c8d84555bbc7bf61
16,2,1,1,1,7dd0d66d7a89b0f81a42ff43c8d84555bbc7bf61
16,3,1,1,1,7dd0d66d7a89b0f81a42ff43c8d84555bbc7bf61
16,4,1,1,1,7dd0d66d7a89b0f81a42ff43c8d84555bbc7bf61
16,5,1,1,1,7dd0d66d7a89b0f81a42ff43c8d84555bbc7bf61
16,6,1,1,1,7dd0d66d7a89b0f81a42ff43c8d84555bbc7bf61
16,7,1,1,1,7dd0d66d7a89b0f81a42ff43c8d84555bbc7bf61
16,8,1,1,1,7dd0d66d7a89b0f81a42ff43c8d84555bbc7bf61
16,9,1,1,1,7dd0d66d7a89b0f81a42ff43c8d84555bbc7bf61
16,10,1,1,1,7dd0d66d7a89b0f81a42ff43c8d84555bbc7bf61
16,11,1,1,1,7dd0d66d7a89b0f81a42ff43c8d84555bbc7bf61
16,12,1,1,1,7dd0d66d7a89b0f81a42ff43c8d84555bbc7bf61
16,13,1,1,1,7dd0d66d7a89b0f81a42ff43c8d84555bbc7bf61
16,14,1,1,1,7dd0d66d7a89b0f81a42ff43c8d84555bbc7bf61
16,15,1,1,1,7dd0d66d7a89b0f81a42ff43c8d84555bbc7bf61
16,16,1,1,1,7dd0d66d7a89b0f81a42ff43c8d84555bbc7bf61
16,17,1,1,1,7dd0d66d7a89b0f81a42ff43c8d84555bbc7bf61
16,18,1,1,1,7dd0d66d7a89b0f81a42ff43c8d84555bbc7bf61
16,19,1,1,1,7dd0d66d7a89b0f81a42ff43c8d84555bbc7bf61
16,20,1,1,1,7dd0d66d7a89b0f81a42ff43c8d84555bbc7bf61
16,21,1,1,1,7dd0d66d7a89b0f81a42ff43c8d84555bbc7bf61
16,22,1,1,1,7dd0d66d7a89b0f81a42ff43c8d84555bbc7bf61
16,23,1,1,1,7dd0d66d7a89b0f81a42ff43c8d84555bbc7bf61
16,24,1,1,1,7dd0d66d7a89b0f81a42ff43c8d84555bbc7bf61
16,25,1,1,1,7dd0d66d7a89b0f81a42ff43c8d84555bbc7bf61
16,26,1,1,1,7dd0d66d7a89b0f81a42ff43c8d84555bbc7bf61
16,27,1,1,1,7dd0d66d7a89b0f81a42ff43c8d84555bbc7bf61
16,28,1,1,1,7dd0d66d7a89b0f81a42ff43c8d84555bbc7bf61
16,29,1,1,1,7dd0d66d7a89b0f81a42ff43c8d84555bbc7bf61
16,30,1,1,1,7dd0d66d7a89b0f81a42ff43c8d84555bbc7bf61
16,31,1,1,1,7dd0d66d7a89b0f81a42ff43c8d84555bbc7bf61
16,32,1,1,1,7dd0d66d7a89b0f81a42ff43c8d84555bbc7bf61
16,33,1,1,1,7dd0d66d7a89b0f81a42ff43c8d84555bbc7bf61
16,34,1,1,1,7dd0d66d7a89b0f81a42ff43c8d84555bbc7bf61
16,35,1,1,1,7dd0d66d7a89b0f81a42ff43c8d84555bbc7bf61
16,36,1,1,1,7dd0d66d7a89b0f81a42ff43c8d84555bbc7bf61
16,37,1,1,1,7dd0d66d7a89b0f81a42ff43c8d84555bbc7bf61
16,38,1,1,1,7dd0d66d7a89b0f81a42ff43c8d84555bbc7bf61
16,39,1,1,1,7dd0d66d7a89b0f81a42ff43c8d84555bbc7bf61
16,40,1,1,1,7dd0d66d7a89b0f81a42ff43c8d84555bbc7bf61
16,41,1,1,1,7dd0d66d7a89b0f81a42ff43c8d84555bbc7bf61
16,42,1,1,1,7dd0d66d7a89b0f81a42ff43c8d84555bbc7bf61
16,43,1,1,1,7dd0d66d7a89b0f81a42ff43c8d84555bbc7bf61
16,44,1,1,1,7dd0d66d7a89b0f81a42ff43c8d84555bbc7bf61
17,1,1,1,1,659f5786c58d09a0eb1e1c947f2e49fca6e4200d
17,2,0,1,1,659f5786c58d09a0eb1e1c947f2e49fca6e4200d
17,3,1,1,1,659f5786c58d09a0eb1e1c947f2e49fca6e4200d
17,4,1,1,1,659f5786c58d09a0eb1e1c947f2e49fca6e4200d
17,5,1,1,1,659f5786c58d09a0eb1e1c947f2e49fca6e4200d
17,6,1,1,1,659f5786c58d09a0eb1e1c947f2e49fca6e4200d
17,7,1,1,1,659f5786c58d09a0eb1e1c947f2e49fca6e4200d
17,8,1,1,1,659f5786c58d09a0eb1e1c947f2e49fca6e4200d
17,9,1,1,1,659f5786c58d09a0eb1e1c947f2e49fca6e4200d
17,10,1,1,1,659f5786c58d09a0eb1e1c947f2e49fca6e4200d
17,11,1,1,1,659f5786c58d09a0eb1e1c947f2e49fca6e4200d
17,12,1,1,1,659f5786c58d09a0eb1e1c947f2e49fca6e4200d
17,13,1,1,1,659f5786c58d09a0eb1e1c947f2e49fca6e4200d
17,14,1,1,1,659f5786c58d09a0eb1e1c947f2e49fca6e4200d
17,15,1,1,1,659f5786c58d09a0eb1e1c947f2e49fca6e4200d
17,16,1,1,1,659f5786c58d09a0eb1e1c947f2e49fca6e4200d
17,17,1,1,1,659f5786c58d09a0eb1e1c947f2e49fca6e4200d
17,18,1,1,1,659f5786c58d09a0eb1e1c947f2e49fca6e4200d
17,19,1,1,1,659f5786c58d09a0eb1e1c947f2e49fca6e4200d
17,20,1,1,1,659f5786c58d09a0eb1e1c947f2e49fca6e4200d
17,21,1,1,1,659f5786c58d09a0eb1e1c947f2e49fca6e4200d
17,22,1,1,1,659f5786c58d09a0eb1e1c947f2e49fca6e4200d
17,23,1,1,1,659f5786c58d09a0eb1e1c947f2e49fca6e4200d
17,24,1,1,1,659f5786c58d09a0eb1e1c947f2e49fca6e4200d
17,25,1,1,1,659f5786c58d09a0eb1e1c947f2e49fca6e4200d
17,26,1,1,1,659f5786c58d09a0eb1e1c947f2e49fca6e4200d
17,27,1,1,1,659f5786c58d09a0eb1e1c947f2e49fca6e4200d
17,28,1,1,1,659f5786c58d09a0eb1e1c947f2e49fca6e4200d
17,29,1,1,1,659f5786c58d09a0eb1e1c947f2e49fca6e4200d
17,30,1,1,1,659f5786c58d09a0eb1e1c947f2e49fca6e4200d
17,31,1,1,1,659f5786c58d09a0eb1e1c947f2e49fca6e4200d
17,32,1,1,1,659f5786c58d09a0eb1e1c947f2e49fca6e4200d
17,33,1,1,1,659f5786c58d09a0eb1e1c947f2e49fca6e4200d
17,34,1,1,1,659f5786c58d09a0eb1e1c947f2e49fca6e4200d
17,35,1,1,1,659f5786c58d09a0eb1e1c947f2e49fca6e4200d
17,36,1,1,1,659f5786c58d09a0eb1e1c947f2e49fca6e4200d
17,37,1,1,1,659f5786c58d09a0eb1e1c947f2e49fca6e4200d
17,38,1,1,1,659f5786c58d09a0eb1e1c947f2e49fca6e4200d
17,39,1,1,1,659f5786c58d09a0eb1e1c947f2e49fca6e4200d
17,40,1,1,1,659f5786c58d09a0eb1e1c947f2e49fca6e4200d
17,41,1,1,1,659f5786c58d09a0eb1e1c947f2e49fca6e4200d
17,42,1,1,1,659f5786c58d09a0eb1e1c947f2e49fca6e4200d
17,43,1,1,1,659f5786c58d09a0eb1e1c947f2e49fca6e4200d
17,44,1,1,1,659f5786c58d09a0eb1e1c947f2e49fca6e4200d
17,45,1,1,1,659f5786c58d09a0eb1e1c947f2e49fca6e4200d
17,46,1,1,1,659f5786c58d09a0eb1e1c947f2e49fca6e4200d
17,47,1,1,1,659f5786c58d09a0eb1e1c947f2e49fca6e4200d
17,48,1,1,1,659f5786c58d09a0eb1e1c947f2e49fca6e4200d
17,49,1,1,1,659f5786c58d09a0eb1e1c947f2e49fca6e4200d
17,50,1,1,1,659f5786c58d09a0eb1e1c947f2e49fca6e4200d
17,51,1,1,1,659f5786c58d09a0eb1e1c947f2e49fca6e4200d
17,52,1,1,1,659f5786c58d09a0eb1e1c947f2e49fca6e4200d
17,53,1,1,1,659f5786c58d09a0eb1e1c947f2e49fca6e4200d
17,54,1,1,1,659f5786c58d09a0eb1e1c947f2e49fca6e4200d
17,55,1,1,1,659f5786c58d09a0eb1e1c947f2e49fca6e4200d
17,56,1,1,1,659f5786c58d09a0eb1e1c947f2e49fca6e4200d
17,57,1,1,1,659f5786c58d09a0eb1e1c947f2e49fca6e4200d
17,58,1,1,1,659f5786c58d09a0eb1e1c947f2e49fca6e4200d
18,1,1,1,1,1a4f1e35f42adc75ba22096e408aa9dde38ae85d
18,2,1,1,1,1a4f1e35f42adc75ba22096e408aa9dde38ae85d
18,3,1,1,1,1a4f1e35f42adc75ba22096e408aa9dde38ae85d
18,4,1,1,1,1a4f1e35f42adc75ba22096e408aa9dde38ae85d
18,5,1,1,1,1a4f1e35f42adc75ba22096e408aa9dde38ae85d
18,6,1,1,1,1a4f1e35f42adc75ba22096e408aa9dde38ae85d
18,7,1,1,1,1a4f1e35f42adc75ba22096e408aa9dde38ae85d
18,8,1,1,1,1a4f1e35f42adc75ba22096e408aa9dde38ae85d
18,9,1,1,1,1a4f1e35f42adc75ba22096e408aa9dde38ae85d
18,10,1,1,1,1a4f1e35f42adc75ba22096e408aa9dde38ae85d
18,11,1,1,1,1a4f1e35f42adc75ba22096e408aa9dde38ae85d
18,12,1,1,1,1a4f1e35f42adc75ba22096e408aa9dde38ae85d
18,13,1,1,1,1a4f1e35f42adc75ba22096e408aa9dde38ae85d
18,14,1,1,1,1a4f1e35f42adc75ba22096e408aa9dde38ae85d
18,15,1,1,1,1a4f1e35f42adc75ba22096e408aa9dde38ae85d
18,16,1,1,1,1a4f1e35f42adc75ba22096e408aa9dde38ae85d
18,17,1,1,1,1a4f1e35f42adc75ba22096e408aa9dde38ae85d
18,18,1,1,1,1a4f1e35f42adc75ba22096e408aa9dde38ae85d
18,19,1,1,1,1a4f1e35f42adc75ba22096e408aa9dde38ae85d
18,20,1,1,1,1a4f1e35f42adc75ba22096e408aa9dde38ae85d
18,21,1,1,1,1a4f1e35f42adc75ba22096e408aa9dde38ae85d
18,22,1,1,1,1a4f1e35f42adc75ba22096e408aa9dde38ae85d
18,23,1,1,1,1a4f1e35f42adc75ba22096e408aa9dde38ae85d
18,24,1,1,1,1a4f1e35f42adc75ba22096e408aa9dde38ae85d
18,25,1,1,1,1a4f1e35f42adc75ba22096e408aa9dde38ae85d
18,26,1,1,1,1a4f1e35f42adc75ba22096e408aa9dde38ae85d
18,27,1,1,1,1a4f1e35f42adc75ba22096e408aa9dde38ae85d
18,28,1,1,1,1a4f1e35f42adc75ba22096e408aa9dde38ae85d
18,29,1,1,1,1a4f1e35f42adc75ba22096e408aa9dde38ae85d
18,30,1,1,1,1a4f1e35f42adc75ba22096e408aa9dde38ae85d
18,31,1,1,1,1a4f1e35f42adc75ba22096e408aa9dde38ae85d
18,32,1,1,1,1a4f1e35f42adc75ba22096e408aa9dde38ae85d
18,33,1,1,1,1a4f1e35f42adc75ba22096e408aa9dde38ae85d
18,34,1,1,1,1a4f1e35f42adc75ba22096e408aa9dde38ae85d
18,35,1,1,1,1a4f1e35f42adc75ba22096e408aa9dde38ae85d
18,36,1,1,1,1a4f1e35f42adc75ba22096e408aa9dde38ae85d
18,37,1,1,1,1a4f1e35f42adc75ba22096e408aa9dde38ae85d
18,38,1,1,1,1a4f1e35f42adc75ba22096e408aa9dde38ae85d
18,39,1,1,1,1a4f1e35f42adc75ba22096e408aa9dde38ae85d
18,40,1,1,1,1a4f1e35f42adc75ba22096e408aa9dde38ae85d
18,41,1,1,1,1a4f1e35f42adc75ba22096e408aa9dde38ae85d
18,42,1,1,1,1a4f1e35f42adc75ba22096e408aa9dde38ae85d
18,43,1,1,1,1a4f1e35f42adc75ba22096e408aa9dde38ae85d
18,44,1,1,1,1a4f1e35f42adc75ba22096e408aa9dde38ae85d
18,45,1,1,1,1a4f1e35f42adc75ba22096e408aa9dde38ae85d
18,46,1,1,1,1a4f1e35f42adc75ba22096e408aa9dde38ae85d
18,47,1,1,1,1a4f1e35f42adc75ba22096e408aa9dde38ae85d
18,48,1,1,1,1a4f1e35f42adc75ba22096e408aa9dde38ae85d
19,1,1,1,1,06f34beab2553cf112b89769ce66aa9d8396b4d9
19,2,1,1,1,06f34beab2553cf112b89769ce66aa9d8396b4d9
19,3,1,1,1,06f34beab2553cf112b89769ce66aa9d8396b4d9
19,4,1,1,1,06f34beab2553cf112b89769ce66aa9d8396b4d9
19,5,1,1,1,06f34beab2553cf112b89769ce66aa9d8396b4d9
19,6,1,1,1,06f34beab2553cf112b89769ce66aa9d8396b4d9
19,7,1,1,1,06f34beab2553cf112b89769ce66aa9d8396b4d9
19,8,1,1,1,06f34beab2553cf112b89769ce66aa9d8396b4d9
19,9,1,1,1,06f34beab2553cf112b89769ce66aa9d8396b4d9
19,10,1,1,1,06f34beab2553cf112b89769ce66aa9d8396b4d9
19,11,1,1,1,06f34beab2553cf112b89769ce66aa9d8396b4d9
19,12,1,1,1,06f34beab2553cf112b89769ce66aa9d8396b4d9
19,13,1,1,1,06f34beab2553cf112b89769ce66aa9d8396b4d9
19,14,1,1,1,06f34beab2553cf112b89769ce66aa9d8396b4d9
19,15,1,1,1,06f34beab2553cf112b89769ce66aa9d8396b4d9
19,16,1,1,1,06f34beab2553cf112b89769ce66aa9d8396b4d9
19,17,1,1,1,06f34beab2553cf112b89769ce66aa9d8396b4d9
19,18,1,1,1,06f34beab2553cf112b89769ce66aa9d8396b4d9
19,19,1,1,1,06f34beab2553cf112b89769ce66aa9d8396b4d9
19,20,1,1,1,06f34beab2553cf112b89769ce66aa9d8396b4d9
19,21,1,1,1,06f34beab2553cf112b89769ce66aa9d8396b4d9
19,22,1,1,1,06f34beab2553cf112b89769ce66aa9d8396b4d9
19,23,1,1,1,06f34beab2553cf112b89769ce66aa9d8396b4d9
19,24,1,1,1,06f34beab2553cf112b89769ce66aa9d8396b4d9
19,25,1,1,1,06f34beab2553cf112b89769ce66aa9d8396b4d9
19,26,1,1,1,06f34beab2553cf112b89769ce66aa9d8396b4d9
19,27,1,1,1,06f34beab2553cf112b89769ce66aa9d8396b4d9
19,28,1,1,1,06f34beab2553cf112b89769ce66aa9d8396b4d9
19,29,1,1,1,06f34beab2553cf112b89769ce66aa9d8396b4d9
19,30,1,1,1,06f34beab2553cf112b89769ce66aa9d8396b4d9
19,31,1,1,1,06f34beab2553cf112b89769ce66aa9d8396b4d9
19,32,1,1,1,06f34beab2553cf112b89769ce66aa9d8396b4d9
19,33,1,1,1,06f34beab2553cf112b89769ce66aa9d8396b4d9
19,34,1,1,1,06f34beab2553cf112b89769ce66aa9d8396b4d9
19,35,1,1,1,06f34beab2553cf112b89769ce66aa9d8396b4d9
19,36,1,1,1,06f34beab2553cf112b89769ce66aa9d8396b4d9
19,37,1,1,1,06f34beab2553cf112b89769ce66aa9d8396b4d9
19,38,1,1,1,06f34beab2553cf112b89769ce66aa9d8396b4d9
19,39,1,1,1,06f34beab2553cf112b89769ce66aa9d8396b4d9
19,40,1,1,1,06f34beab2553cf112b89769ce66aa9d8396b4d9
19,41,1,1,1,06f34beab2553cf112b89769ce66aa9d8396b4d9
19,42,1,1,1,06f34beab2553cf112b89769ce66aa9d8396b4d9
19,43,1,1,1,06f34beab2553cf112b89769ce66aa9d8396b4d9
19,44,1,1,1,06f34beab2553cf112b89769ce66aa9d8396b4d9
19,45,1,1,1,06f34beab2553cf112b89769ce66aa9d8396b4d9
20,1,1,1,1,38016389f70fa4da417dc976223b984d4b63e509
20,2,1,1,1,38016389f70fa4da417dc976223b984d4b63e509
20,3,1,1,1,38016389f70fa4da417dc976223b984d4b63e509
20,4,1,1,1,38016389f70fa4da417dc976223b984d4b63e509
20,5,1,1,1,38016389f70fa4da417dc976223b984d4b63e509
20,6,1,1,1,38016389f70fa4da417dc976223b984d4b63e509
20,7,1,1,1,38016389f70fa4da417dc976223b984d4b63e509
20,8,1,1,1,38016389f70fa4da417dc976223b984d4b63e509
20,9,1,1,1,38016389f70fa4da417dc976223b984d4b63e509
20,10,1,1,1,38016389f70fa4da417dc976223b984d4b63e509
20,11,1,1,1,38016389f70fa4da417dc976223b984d4b63e509
20,12,1,1,1,38016389f70fa4da417dc976223b984d4b63e509
20,13,1,1,1,38016389f70fa4da417dc976223b984d4b63e509
20,14,1,1,1,38016389f70fa4da417dc976223b984d4b63e509
20,15,1,1,1,38016389f70fa4da417dc976223b984d4b63e509
20,16,1,1,1,38016389f70fa4da417dc976223b984d4b63e509
20,17,1,1,1,38016389f70fa4da417dc976223b984d4b63e509
20,18,1,1,1,38016389f70fa4da417dc976223b984d4b63e509
20,19,1,1,1,38016389f70fa4da417dc976223b984d4b63e509
20,20,1,1,1,38016389f70fa4da417dc976223b984d4b63e509
20,21,1,1,1,38016389f70fa4da417dc976223b984d4b63e509
20,22,1,1,1,38016389f70fa4da417dc976223b984d4b63e509
20,23,1,1,1,38016389f70fa4da417dc976223b984d4b63e509
20,24,1,1,1,38016389f70fa4da417dc976223b984d4b63e509
20,25,1,1,1,38016389f70fa4da417dc976223b984d4b63e509
20,26,1,1,1,38016389f70fa4da417dc976223b984d4b63e509
20,27,1,1,1,38016389f70fa4da417dc976223b984d4b63e509
20,28,1,1,1,38016389f70fa4da417dc976223b984d4b63e509
20,29,1,1,1,38016389f70fa4da417dc976223b984d4b63e509
20,30,1,1,1,38016389f70fa4da417dc976223b984d4b63e509
20,31,1,1,1,38016389f70fa4da417dc976223b984d4b63e509
20,32,0,1,1,38016389f70fa4da417dc976223b984d4b63e509
20,33,0,1,1,38016389f70fa4da417dc976223b984d4b63e509
20,34,1,1,1,38016389f70fa4da417dc976223b984d4b63e509
20,35,1,1,1,38016389f70fa4da417dc976223b984d4b63e509
20,36,1,1,1,38016389f70fa4da417dc976223b984d4b63e509
20,37,1,1,1,38016389f70fa4da417dc976223b984d4b63e509
21,1,1,1,1,69f3d256dddc17e948cf3145e5ca0f280dd7c72c
21,2,1,1,1,69f3d256dddc17e948cf3145e5ca0f280dd7c72c
21,3,1,1,1,69f3d256dddc17e948cf3145e5ca0f280dd7c72c
21,4,1,1,1,69f3d256dddc17e948cf3145e5ca0f280dd7c72c
21,5,1,1,1,69f3d256dddc17e948cf3145e5ca0f280dd7c72c
21,6,1,1,1,69f3d256dddc17e948cf3145e5ca0f280dd7c72c
21,7,1,1,1,69f3d256dddc17e948cf3145e5ca0f280dd7c72c
21,8,1,1,1,69f3d256dddc17e948cf3145e5ca0f280dd7c72c
21,9,1,1,1,69f3d256dddc17e948cf3145e5ca0f280dd7c72c
21,10,1,1,1,69f3d256dddc17e948cf3145e5ca0f280dd7c72c
21,11,1,1,1,69f3d256dddc17e948cf3145e5ca0f280dd7c72c
21,12,1,1,1,69f3d256dddc17e948cf3145e5ca0f280dd7c72c
21,13,1,1,1,69f3d256dddc17e948cf3145e5ca0f280dd7c72c
21,14,1,1,1,69f3d256dddc17e948cf3145e5ca0f280dd7c72c
21,15,1,1,1,69f3d256dddc17e948cf3145e5ca0f280dd7c72c
21,16,1,1,1,69f3d256dddc17e948cf3145e5ca0f280dd7c72c
21,17,1,1,1,69f3d256dddc17e948cf3145e5ca0f280dd7c72c
21,18,1,1,1,69f3d256dddc17e948cf3145e5ca0f280dd7c72c
21,19,1,1,1,69f3d256dddc17e948cf3145e5ca0f280dd7c72c
21,20,1,1,1,69f3d256dddc17e948cf3145e5ca0f280dd7c72c
21,21,1,1,1,69f3d256dddc17e948cf3145e5ca0f280dd7c72c
21,22,1,1,1,69f3d256dddc17e948cf3145e5ca0f280dd7c72c
21,23,1,1,1,69f3d256dddc17e948cf3145e5ca0f280dd7c72c
21,24,1,1,1,69f3d256dddc17e948cf3145e5ca0f280dd7c72c
21,25,1,1,1,69f3d256dddc17e948cf3145e5ca0f280dd7c72c
21,26,1,1,1,69f3d256dddc17e948cf3145e5ca0f280dd7c72c
21,27,1,1,1,69f3d256dddc17e948cf3145e5ca0f280dd7c72c
21,28,1,1,1,69f3d256dddc17e948cf3145e5ca0f280dd7c72c
21,29,1,1,1,69f3d256dddc17e948cf3145e5ca0f280dd7c72c
21,30,1,1,1,69f3d256dddc17e948cf3145e5ca0f280dd7c72c
21,31,1,1,1,69f3d256dddc17e948cf3145e5ca0f280dd7c72c
21,32,1,1,1,69f3d256dddc17e948cf3145e5ca0f280dd7c72c
21,33,1,1,1,69f3d256dddc17e948cf3145e5ca0f280dd7c72c
21,34,1,1,1,69f3d256dddc17e948cf3145e5ca0f280dd7c72c
21,35,1,1,1,69f3d256dddc17e948cf3145e5ca0f280dd7c72c
21,36,1,1,1,69f3d256dddc17e948cf3145e5ca0f280dd7c72c
21,37,1,1,1,69f3d256dddc17e948cf3145e5ca0f280dd7c72c
21,38,1,1,1,69f3d256dddc17e948cf3145e5ca0f280dd7c72c
21,39,1,1,1,69f3d256dddc17e948cf3145e5ca0f280dd7c72c
21,40,1,1,1,69f3d256dddc17e948cf3145e5ca0f280dd7c72c
21,41,1,1,1,69f3d256dddc17e948cf3145e5ca0f280dd7c72c
21,42,1,1,1,69f3d256dddc17e948cf3145e5ca0f280dd7c72c
21,43,1,1,1,69f3d256dddc17e948cf3145e5ca0f280dd7c72c
22,1,1,1,1,752e62aced77e067b223fdfa022352d60f693ff7
22,2,1,1,1,752e62aced77e067b223fdfa022352d60f693ff7
22,3,1,1,1,752e62aced77e067b223fdfa022352d60f693ff7
22,4,1,1,1,752e62aced77e067b223fdfa022352d60f693ff7
22,5,1,1,1,752e62aced77e067b223fdfa022352d60f693ff7
22,6,1,1,1,752e62aced77e067b223fdfa022352d60f693ff7
22,7,1,1,1,752e62aced77e067b223fdfa022352d60f693ff7
22,8,1,1,1,752e62aced77e067b223fdfa022352d60f693ff7
22,9,1,1,1,752e62aced77e067b223fdfa022352d60f693ff7
22,10,1,1,1,752e62aced77e067b223fdfa022352d60f693ff7
22,11,1,1,1,752e62aced77e067b223fdfa022352d60f693ff7
22,12,1,1,1,752e62aced77e067b223fdfa022352d60f693ff7
22,13,1,1,1,752e62aced77e067b223fdfa022352d60f693ff7
22,14,1,1,1,752e62aced77e067b223fdfa022352d60f693ff7
22,15,1,1,1,752e62aced77e067b223fdfa022352d60f693ff7
22,16,1,1,1,752e62aced77e067b223fdfa022352d60f693ff7
22,17,1,1,1,752e62aced77e067b223fdfa022352d60f693ff7
22,18,1,1,1,752e62aced77e067b223fdfa022352d60f693ff7
22,19,1,1,1,752e62aced77e067b223fdfa022352d60f693ff7
22,20,1,1,1,752e62aced77e067b223fdfa022352d60f693ff7
22,21,1,1,1,752e62aced77e067b223fdfa022352d60f693ff7
22,22,1,1,1,752e62aced77e067b223fdfa022352d60f693ff7
22,23,1,1,1,752e62aced77e067b223fdfa022352d60f693ff7
22,24,1,1,1,752e62aced77e067b223fdfa022352d60f693ff7
22,25,1,1,1,752e62aced77e067b223fdfa022352d60f693ff7
22,26,1,1,1,752e62aced77e067b223fdfa022352d60f693ff7
22,27,1,1,1,752e62aced77e067b223fdfa022352d60f693ff7
22,28,1,1,1,752e62aced77e067b223fdfa022352d60f693ff7
22,29,1,1,1,752e62aced77e067b223fdfa022352d60f693ff7
22,30,1,1,1,752e62aced77e067b223fdfa022352d60f693ff7
22,31,1,1,1,752e62aced77e067b223fdfa022352d60f693ff7
22,32,1,1,1,752e62aced77e067b223fdfa022352d60f693ff7
22,33,1,1,1,752e62aced77e067b223fdfa022352d60f693ff7
22,34,1,1,1,752e62aced77e067b223fdfa022352d60f693ff7
22,35,1,1,1,752e62aced77e067b223fdfa022352d60f693ff7
22,36,2,1,2,752e62aced77e067b223fdfa022352d60f693ff7
22,37,1,1,1,752e62aced77e067b223fdfa022352d60f693ff7
22,38,1,1,1,752e62aced77e067b223fdfa022352d60f693ff7
22,39,0,1,1,752e62aced77e067b223fdfa022352d60f693ff7
22,40,1,1,1,752e62aced77e067b223fdfa022352d60f693ff7
22,41,1,1,1,752e62aced77e067b223fdfa022352d60f693ff7
22,42,1,1,1,752e62aced77e067b223fdfa022352d60f693ff7
22,43,1,1,1,752e62aced77e067b223fdfa022352d60f693ff7
22,44,1,1,1,752e62aced77e067b223fdfa022352d60f693ff7
22,45,1,1,1,752e62aced77e067b223fdfa022352d60f693ff7
22,46,1,1,1,752e62aced77e067b223fdfa022352d60f693ff7
22,47,1,1,1,752e62aced77e067b223fdfa022352d60f693ff7
22,48,1,1,1,752e62aced77e067b223fdfa022352d60f693ff7
22,49,1,1,1,752e62aced77e067b223fdfa022352d60f693ff7
22,50,1,1,1,752e62aced77e067b223fdfa022352d60f693ff7
22,51,1,1,1,752e62aced77e067b223fdfa022352d60f693ff7
22,52,1,1,1,752e62aced77e067b223fdfa022352d60f693ff7
22,53,1,1,1,752e62aced77e067b223fdfa022352d60f693ff7
22,54,1,1,1,752e62aced77e067b223fdfa022352d60f693ff7
22,55,1,1,1,752e62aced77e067b223fdfa022352d60f693ff7
22,56,1,1,1,752e62aced77e067b223fdfa022352d60f693ff7
22,57,1,1,1,752e62aced77e067b223fdfa022352d60f693ff7
22,58,1,1,1,752e62aced77e067b223fdfa022352d60f693ff7
22,59,1,1,1,752e62aced77e067b223fdfa022352d60f693ff7
22,60,1,1,1,752e62aced77e067b223fdfa022352d60f693ff7
22,61,1,1,1,752e62aced77e067b223fdfa022352d60f693ff7
23,1,1,1,1,d1249d0ef8d58de8986490a97a5d6b0857fbea5d
23,2,1,1,1,d1249d0ef8d58de8986490a97a5d6b0857fbea5d
23,3,1,1,1,d1249d0ef8d58de8986490a97a5d6b0857fbea5d
23,4,1,1,1,d1249d0ef8d58de8986490a97a5d6b0857fbea5d
23,5,1,1,1,d1249d0ef8d58de8986490a97a5d6b0857fbea5d
23,6,1,1,1,d1249d0ef8d58de8986490a97a5d6b0857fbea5d
23,7,1,1,1,d1249d0ef8d58de8986490a97a5d6b0857fbea5d
23,8,1,1,1,d1249d0ef8d58de8986490a97a5d6b0857fbea5d
23,9,1,1,1,d1249d0ef8d58de8986490a97a5d6b0857fbea5d
23,10,1,1,1,d1249d0ef8d58de8986490a97a5d6b0857fbea5d
23,11,1,1,1,d1249d0ef8d58de8986490a97a5d6b0857fbea5d
23,12,1,1,1,d1249d0ef8d58de8986490a97a5d6b0857fbea5d
23,13,1,1,1,d1249d0ef8d58de8986490a97a5d6b0857fbea5d
23,14,1,1,1,d1249d0ef8d58de8986490a97a5d6b0857fbea5d
23,15,1,1,1,d1249d0ef8d58de8986490a97a5d6b0857fbea5d
23,16,1,1,1,d1249d0ef8d58de8986490a97a5d6b0857fbea5d
23,17,1,1,1,d1249d0ef8d58de8986490a97a5d6b0857fbea5d
23,18,1,1,1,d1249d0ef8d58de8986490a97a5d6b0857fbea5d
23,19,1,1,1,d1249d0ef8d58de8986490a97a5d6b0857fbea5d
23,20,1,1,1,d1249d0ef8d58de8986490a97a5d6b0857fbea5d
23,21,1,1,1,d1249d0ef8d58de8986490a97a5d6b0857fbea5d
23,22,1,1,1,d1249d0ef8d58de8986490a97a5d6b0857fbea5d
23,23,1,1,1,d1249d0ef8d58de8986490a97a5d6b0857fbea5d
23,24,1,1,1,d1249d0ef8d58de8986490a97a5d6b0857fbea5d
23,25,1,1,1,d1249d0ef8d58de8986490a97a5d6b0857fbea5d
23,26,1,1,1,d1249d0ef8d58de8986490a97a5d6b0857fbea5d
23,27,1,1,1,d1249d0ef8d58de8986490a97a5d6b0857fbea5d
23,28,1,1,1,d1249d0ef8d58de8986490a97a5d6b0857fbea5d
23,29,1,1,1,d1249d0ef8d58de8986490a97a5d6b0857fbea5d
23,30,1,1,1,d1249d0ef8d58de8986490a97a5d6b0857fbea5d
23,31,1,1,1,d1249d0ef8d58de8986490a97a5d6b0857fbea5d
23,32,1,1,1,d1249d0ef8d58de8986490a97a5d6b0857fbea5d
23,33,1,1,1,d1249d0ef8d58de8986490a97a5d6b0857fbea5d
23,34,1,1,1,d1249d0ef8d58de8986490a97a5d6b0857fbea5d
23,35,1,1,1,d1249d0ef8d58de8986490a97a5d6b0857fbea5d
23,36,1,1,1,d1249d0ef8d58de8986490a97a5d6b0857fbea5d
23,37,1,1,1,d1249d0ef8d58de8986490a97a5d6b0857fbea5d
23,38,1,1,1,d1249d0ef8d58de8986490a97a5d6b0857fbea5d
23,39,1,1,1,d1249d0ef8d58de8986490a97a5d6b0857fbea5d
23,40,1,1,1,d1249d0ef8d58de8986490a97a5d6b0857fbea5d
23,41,1,1,1,d1249d0ef8d58de8986490a97a5d6b0857fbea5d
23,42,2,1,1,d1249d0ef8d58de8986490a97a5d6b0857fbea5d
23,43,0,1,1,d1249d0ef8d58de8986490a97a5d6b0857fbea5d
23,44,1,1,1,d1249d0ef8d58de8986490a97a5d6b0857fbea5d
23,45,1,1,1,d1249d0ef8d58de8986490a97a5d6b0857fbea5d
23,46,1,1,1,d1249d0ef8d58de8986490a97a5d6b0857fbea5d
23,47,1,1,1,d1249d0ef8d58de8986490a97a5d6b0857fbea5d
23,48,1,1,1,d1249d0ef8d58de8986490a97a5d6b0857fbea5d
23,49,1,1,1,d1249d0ef8d58de8986490a97a5d6b0857fbea5d
23,50,1,1,1,d1249d0ef8d58de8986490a97a5d6b0857fbea5d
23,51,1,1,1,d1249d0ef8d58de8986490a97a5d6b0857fbea5d
23,52,1,1,1,d1249d0ef8d58de8986490a97a5d6b0857fbea5d
23,53,1,1,1,d1249d0ef8d58de8986490a97a5d6b0857fbea5d
23,54,1,1,1,d1249d0ef8d58de8986490a97a5d6b0857fbea5d
23,55,1,1,1,d1249d0ef8d58de8986490a97a5d6b0857fbea5d
23,56,1,1,1,d1249d0ef8d58de8986490a97a5d6b0857fbea5d
23,57,1,1,1,d1249d0ef8d58de8986490a97a5d6b0857fbea5d
23,58,1,1,1,d1249d0ef8d58de8986490a97a5d6b0857fbea5d
23,59,1,1,1,d1249d0ef8d58de8986490a97a5d6b0857fbea5d
23,60,1,1,1,d1249d0ef8d58de8986490a97a5d6b0857fbea5d
23,61,1,1,1,d1249d0ef8d58de8986490a97a5d6b0857fbea5d
24,1,1,1,1,9652795a5e2dd4f13b26c46d1013042f079a3de7
24,2,1,1,1,9652795a5e2dd4f13b26c46d1013042f079a3de7
24,3,1,1,1,9652795a5e2dd4f13b26c46d1013042f079a3de7
24,4,1,1,1,9652795a5e2dd4f13b26c46d1013042f079a3de7
24,5,1,1,1,9652795a5e2dd4f13b26c46d1013042f079a3de7
24,6,1,1,1,9652795a5e2dd4f13b26c46d1013042f079a3de7
24,7,1,1,1,9652795a5e2dd4f13b26c46d1013042f079a3de7
24,8,1,1,1,9652795a5e2dd4f13b26c46d1013042f079a3de7
24,9,1,1,1,9652795a5e2dd4f13b26c46d1013042f079a3de7
24,10,1,1,1,9652795a5e2dd4f13b26c46d1013042f079a3de7
24,11,1,1,1,9652795a5e2dd4f13b26c46d1013042f079a3de7
24,12,1,1,1,9652795a5e2dd4f13b26c46d1013042f079a3de7
24,13,1,1,1,9652795a5e2dd4f13b26c46d1013042f079a3de7
24,14,1,1,1,9652795a5e2dd4f13b26c46d1013042f079a3de7
24,15,1,1,1,9652795a5e2dd4f13b26c46d1013042f079a3de7
24,16,1,1,1,9652795a5e2dd4f13b26c46d1013042f079a3de7
24,17,1,1,1,9652795a5e2dd4f13b26c46d1013042f079a3de7
24,18,1,1,1,9652795a5e2dd4f13b26c46d1013042f079a3de7
24,19,1,1,1,9652795a5e2dd4f13b26c46d1013042f079a3de7
24,20,1,1,1,9652795a5e2dd4f13b26c46d1013042f079a3de7
24,21,1,1,1,9652795a5e2dd4f13b26c46d1013042f079a3de7
24,22,1,1,1,9652795a5e2dd4f13b26c46d1013042f079a3de7
24,23,1,1,1,9652795a5e2dd4f13b26c46d1013042f079a3de7
24,24,1,1,1,9652795a5e2dd4f13b26c46d1013042f079a3de7
24,25,1,1,1,9652795a5e2dd4f13b26c46d1013042f079a3de7
24,26,1,1,1,9652795a5e2dd4f13b26c46d1013042f079a3de7
24,27,1,1,1,9652795a5e2dd4f13b26c46d1013042f079a3de7
24,28,1,1,1,9652795a5e2dd4f13b26c46d1013042f079a3de7
24,29,1,1,1,9652795a5e2dd4f13b26c46d1013042f079a3de7
25,1,1,1,1,8e596a7fdd5dbb3df3021a1dbb0ce4bda4a78b39
25,2,1,1,1,8e596a7fdd5dbb3df3021a1dbb0ce4bda4a78b39
25,3,1,1,1,8e596a7fdd5dbb3df3021a1dbb0ce4bda4a78b39
25,4,1,1,1,8e596a7fdd5dbb3df3021a1dbb0ce4bda4a78b39
25,5,1,1,1,8e596a7fdd5dbb3df3021a1dbb0ce4bda4a78b39
25,6,1,1,1,8e596a7fdd5dbb3df3021a1dbb0ce4bda4a78b39
25,7,1,1,1,8e596a7fdd5dbb3df3021a1dbb0ce4bda4a78b39
25,8,1,1,1,8e596a7fdd5dbb3df3021a1dbb0ce4bda4a78b39
25,9,1,1,1,8e596a7fdd5dbb3df3021a1dbb0ce4bda4a78b39
25,10,1,1,1,8e596a7fdd5dbb3df3021a1dbb0ce4bda4a78b39
25,11,1,1,1,8e596a7fdd5dbb3df3021a1dbb0ce4bda4a78b39
25,12,1,1,1,8e596a7fdd5dbb3df3021a1dbb0ce4bda4a78b39
25,13,1,1,1,8e596a7fdd5dbb3df3021a1dbb0ce4bda4a78b39
25,14,1,1,1,8e596a7fdd5dbb3df3021a1dbb0ce4bda4a78b39
25,15,1,1,1,8e596a7fdd5dbb3df3021a1dbb0ce4bda4a78b39
25,16,1,1,1,8e596a7fdd5dbb3df3021a1dbb0ce4bda4a78b39
25,17,1,1,1,8e596a7fdd5dbb3df3021a1dbb0ce4bda4a78b39
25,18,1,1,1,8e596a7fdd5dbb3df3021a1dbb0ce4bda4a78b39
25,19,1,1,1,8e596a7fdd5dbb3df3021a1dbb0ce4bda4a78b39
25,20,1,1,1,8e596a7fdd5dbb3df3021a1dbb0ce4bda4a78b39
25,21,1,1,1,8e596a7fdd5dbb3df3021a1dbb0ce4bda4a78b39
25,22,1,1,1,8e596a7fdd5dbb3df3021a1dbb0ce4bda4a78b39
25,23,1,1,1,8e596a7fdd5dbb3df3021a1dbb0ce4bda4a78b39
25,24,1,1,1,8e596a7fdd5dbb3df3021a1dbb0ce4bda4a78b39
25,25,1,1,1,8e596a7fdd5dbb3df3021a1dbb0ce4bda4a78b39
25,26,1,1,1,8e596a7fdd5dbb3df3021a1dbb0ce4bda4a78b39
25,27,1,1,1,8e596a7fdd5dbb3df3021a1dbb0ce4bda4a78b39
25,28,1,1,1,8e596a7fdd5dbb3df3021a1dbb0ce4bda4a78b39
25,29,1,1,1,8e596a7fdd5dbb3df3021a1dbb0ce4bda4a78b39
25,30,1,1,1,8e596a7fdd5dbb3df3021a1dbb0ce4bda4a78b39
25,31,1,1,1,8e596a7fdd5dbb3df3021a1dbb0ce4bda4a78b39
25,32,1,1,1,8e596a7fdd5dbb3df3021a1dbb0ce4bda4a78b39
25,33,1,1,1,8e596a7fdd5dbb3df3021a1dbb0ce4bda4a78b39
25,34,1,1,1,8e596a7fdd5dbb3df3021a1dbb0ce4bda4a78b39
25,35,1,1,1,8e596a7fdd5dbb3df3021a1dbb0ce4bda4a78b39
25,36,1,1,1,8e596a7fdd5dbb3df3021a1dbb0ce4bda4a78b39
26,1,1,1,1,79df81fb2a6b41a22650f768ec5be665837fac5a
26,2,1,1,1,79df81fb2a6b41a22650f768ec5be665837fac5a
26,3,1,1,1,79df81fb2a6b41a22650f768ec5be665837fac5a
26,4,1,1,1,79df81fb2a6b41a22650f768ec5be665837fac5a
26,5,1,1,1,79df81fb2a6b41a22650f768ec5be665837fac5a
26,6,1,1,1,79df81fb2a6b41a22650f768ec5be665837fac5a
26,7,1,1,1,79df81fb2a6b41a22650f768ec5be665837fac5a
26,8,1,1,1,79df81fb2a6b41a22650f768ec5be665837fac5a
26,9,1,1,1,79df81fb2a6b41a22650f768ec5be665837fac5a
26,10,1,1,1,79df81fb2a6b41a22650f768ec5be665837fac5a
26,11,1,1,1,79df81fb2a6b41a22650f768ec5be665837fac5a
26,12,1,1,1,79df81fb2a6b41a22650f768ec5be665837fac5a
26,13,1,1,1,79df81fb2a6b41a22650f768ec5be665837fac5a
26,14,1,1,1,79df81fb2a6b41a22650f768ec5be665837fac5a
26,15,1,1,1,79df81fb2a6b41a22650f768ec5be665837fac5a
26,16,1,1,1,79df81fb2a6b41a22650f768ec5be665837fac5a
26,17,1,1,1,79df81fb2a6b41a22650f768ec5be665837fac5a
26,18,1,1,1,79df81fb2a6b41a22650f768ec5be665837fac5a
26,19,1,1,1,79df81fb2a6b41a22650f768ec5be665837fac5a
26,20,1,1,1,79df81fb2a6b41a22650f768ec5be665837fac5a
26,21,1,1,1,79df81fb2a6b41a22650f768ec5be665837fac5a
26,22,1,1,1,79df81fb2a6b41a22650f768ec5be665837fac5a
26,23,1,1,1,79df81fb2a6b41a22650f768ec5be665837fac5a
26,24,1,1,1,79df81fb2a6b41a22650f768ec5be665837fac5a
26,25,1,1,1,79df81fb2a6b41a22650f768ec5be665837fac5a
26,26,1,1,1,79df81fb2a6b41a22650f768ec5be665837fac5a
26,27,1,1,1,79df81fb2a6b41a22650f768ec5be665837fac5a
26,28,1,1,1,79df81fb2a6b41a22650f768ec5be665837fac5a
26,29,1,1,1,79df81fb2a6b41a22650f768ec5be665837fac5a
26,30,1,1,1,79df81fb2a6b41a22650f768ec5be665837fac5a
26,31,1,1,1,79df81fb2a6b41a22650f768ec5be665837fac5a
26,32,1,1,1,79df81fb2a6b41a22650f768ec5be665837fac5a
26,33,1,1,1,79df81fb2a6b41a22650f768ec5be665837fac5a
26,34,1,1,1,79df81fb2a6b41a22650f768ec5be665837fac5a
26,35,1,1,1,79df81fb2a6b41a22650f768ec5be665837fac5a
27,1,1,1,1,5c7ad6c2e236bddaa7faed4807cc4b96d1902688
27,2,1,1,1,5c7ad6c2e236bddaa7faed4807cc4b96d1902688
27,3,1,1,1,5c7ad6c2e236bddaa7faed4807cc4b96d1902688
27,4,1,1,1,5c7ad6c2e236bddaa7faed4807cc4b96d1902688
27,5,1,1,1,5c7ad6c2e236bddaa7faed4807cc4b96d1902688
27,6,1,1,1,5c7ad6c2e236bddaa7faed4807cc4b96d1902688
27,7,1,1,1,5c7ad6c2e236bddaa7faed4807cc4b96d1902688
27,8,1,1,1,5c7ad6c2e236bddaa7faed4807cc4b96d1902688
27,9,1,1,1,5c7ad6c2e236bddaa7faed4807cc4b96d1902688
27,10,1,1,1,5c7ad6c2e236bddaa7faed4807cc4b96d1902688
27,11,1,1,1,5c7ad6c2e236bddaa7faed4807cc4b96d1902688
27,12,1,1,1,5c7ad6c2e236bddaa7faed4807cc4b96d1902688
27,13,1,1,1,5c7ad6c2e236bddaa7faed4807cc4b96d1902688
27,14,1,1,1,5c7ad6c2e236bddaa7faed4807cc4b96d1902688
27,15,1,1,1,5c7ad6c2e236bddaa7faed4807cc4b96d1902688
27,16,1,1,1,5c7ad6c2e236bddaa7faed4807cc4b96d1902688
27,17,1,1,1,5c7ad6c2e236bddaa7faed4807cc4b96d1902688
27,18,1,1,1,5c7ad6c2e236bddaa7faed4807cc4b96d1902688
27,19,1,1,1,5c7ad6c2e236bddaa7faed4807cc4b96d1902688
27,20,1,1,1,5c7ad6c2e236bddaa7faed4807cc4b96d1902688
27,21,1,1,1,5c7ad6c2e236bddaa7faed4807cc4b96d1902688
27,22,1,1,1,5c7ad6c2e236bddaa7faed4807cc4b96d1902688
27,23,1,1,1,5c7ad6c2e236bddaa7faed4807cc4b96d1902688
27,24,1,1,1,5c7ad6c2e236bddaa7faed4807cc4b96d1902688
27,25,1,1,1,5c7ad6c2e236bddaa7faed4807cc4b96d1902688
27,26,1,1,1,5c7ad6c2e236bddaa7faed4807cc4b96d1902688
27,27,1,1,1,5c7ad6c2e236bddaa7faed4807cc4b96d1902688
27,28,1,1,1,5c7ad6c2e236bddaa7faed4807cc4b96d1902688
27,29,1,1,1,5c7ad6c2e236bddaa7faed4807cc4b96d1902688
27,30,1,1,1,5c7ad6c2e236bddaa7faed4807cc4b96d1902688
27,31,1,1,1,5c7ad6c2e236bddaa7faed4807cc4b96d1902688
27,32,1,1,1,5c7ad6c2e236bddaa7faed4807cc4b96d1902688
27,33,1,1,1,5c7ad6c2e236bddaa7faed4807cc4b96d1902688
27,34,1,1,1,5c7ad6c2e236bddaa7faed4807cc4b96d1902688
27,35,1,1,1,5c7ad6c2e236bddaa7faed4807cc4b96d1902688
27,36,1,1,1,5c7ad6c2e236bddaa7faed4807cc4b96d1902688
27,37,1,1,1,5c7ad6c2e236bddaa7faed4807cc4b96d1902688
27,38,1,1,1,5c7ad6c2e236bddaa7faed4807cc4b96d1902688
27,39,1,1,1,5c7ad6c2e236bddaa7faed4807cc4b96d1902688
27,40,1,1,1,5c7ad6c2e236bddaa7faed4807cc4b96d1902688
27,41,1,1,1,5c7ad6c2e236bddaa7faed4807cc4b96d1902688
27,42,1,1,1,5c7ad6c2e236bddaa7faed4807cc4b96d1902688
27,43,1,1,1,5c7ad6c2e236bddaa7faed4807cc4b96d1902688
27,44,1,1,1,5c7ad6c2e236bddaa7faed4807cc4b96d1902688
27,45,1,1,1,5c7ad6c2e236bddaa7faed4807cc4b96d1902688
27,46,1,1,1,5c7ad6c2e236bddaa7faed4807cc4b96d1902688
27,47,1,1,1,5c7ad6c2e236bddaa7faed4807cc4b96d1902688
27,48,1,1,1,5c7ad6c2e236bddaa7faed4807cc4b96d1902688
27,49,1,1,1,5c7ad6c2e236bddaa7faed4807cc4b96d1902688
27,50,1,1,1,5c7ad6c2e236bddaa7faed4807cc4b96d1902688
27,51,1,1,1,5c7ad6c2e236bddaa7faed4807cc4b96d1902688
27,52,1,1,1,5c7ad6c2e236bddaa7faed4807cc4b96d1902688
27,53,1,1,1,5c7ad6c2e236bddaa7faed4807cc4b96d1902688
27,54,1,1,1,5c7ad6c2e236bddaa7faed4807cc4b96d1902688
27,55,1,1,1,5c7ad6c2e236bddaa7faed4807cc4b96d1902688
28,1,1,1,1,06df92c25d98ae46fb41d814b2a0ca089bfcd309
28,2,1,1,1,06df92c25d98ae46fb41d814b2a0ca089bfcd309
28,3,1,1,1,06df92c25d98ae46fb41d814b2a0ca089bfcd309
28,4,1,1,1,06df92c25d98ae46fb41d814b2a0ca089bfcd309
28,5,1,1,1,06df92c25d98ae46fb41d814b2a0ca089bfcd309
28,6,1,1,1,06df92c25d98ae46fb41d814b2a0ca089bfcd309
28,7,1,1,1,06df92c25d98ae46fb41d814b2a0ca089bfcd309
28,8,1,1,1,06df92c25d98ae46fb41d814b2a0ca089bfcd309
28,9,1,1,1,06df92c25d98ae46fb41d814b2a0ca089bfcd309
28,10,1,1,1,06df92c25d98ae46fb41d814b2a0ca089bfcd309
28,11,1,1,1,06df92c25d98ae46fb41d814b2a0ca089bfcd309
28,12,1,1,1,06df92c25d98ae46fb41d814b2a0ca089bfcd309
28,13,1,1,1,06df92c25d98ae46fb41d814b2a0ca089bfcd309
28,14,1,1,1,06df92c25d98ae46fb41d814b2a0ca089bfcd309
28,15,1,1,1,06df92c25d98ae46fb41d814b2a0ca089bfcd309
28,16,1,1,1,06df92c25d98ae46fb41d814b2a0ca089bfcd309
28,17,1,1,1,06df92c25d98ae46fb41d814b2a0ca089bfcd309
28,18,1,1,1,06df92c25d98ae46fb41d814b2a0ca089bfcd309
28,19,1,1,1,06df92c25d98ae46fb41d814b2a0ca089bfcd309
28,20,1,1,1,06df92c25d98ae46fb41d814b2a0ca089bfcd309
28,21,1,1,1,06df92c25d98ae46fb41d814b2a0ca089bfcd309
28,22,1,1,1,06df92c25d98ae46fb41d814b2a0ca089bfcd309
28,23,1,1,1,06df92c25d98ae46fb41d814b2a0ca089bfcd309
28,24,1,1,1,06df92c25d98ae46fb41d814b2a0ca089bfcd309
28,25,1,1,1,06df92c25d98ae46fb41d814b2a0ca089bfcd309
28,26,1,1,1,06df92c25d98ae46fb41d814b2a0ca089bfcd309
28,27,1,1,1,06df92c25d98ae46fb41d814b2a0ca089bfcd309
28,28,1,1,1,06df92c25d98ae46fb41d814b2a0ca089bfcd309
28,29,1,1,1,06df92c25d98ae46fb41d814b2a0ca089bfcd309
28,30,1,1,1,06df92c25d98ae46fb41d814b2a0ca089bfcd309
28,31,1,1,1,06df92c25d98ae46fb41d814b2a0ca089bfcd309
28,32,1,1,1,06df92c25d98ae46fb41d814b2a0ca089bfcd309
28,33,1,1,1,06df92c25d98ae46fb41d814b2a0ca089bfcd309
28,34,1,1,1,06df92c25d98ae46fb41d814b2a0ca089bfcd309
28,35,1,1,1,06df92c25d98ae46fb41d814b2a0ca089bfcd309
28,36,1,1,1,06df92c25d98ae46fb41d814b2a0ca089bfcd309
28,37,1,1,1,06df92c25d98ae46fb41d814b2a0ca089bfcd309
28,38,1,1,1,06df92c25d98ae46fb41d814b2a0ca089bfcd309
28,39,1,1,1,06df92c25d98ae46fb41d814b2a0ca089bfcd309
28,40,1,1,1,06df92c25d98ae46fb41d814b2a0ca089bfcd309
28,41,1,1,1,06df92c25d98ae46fb41d814b2a0ca089bfcd309
28,42,1,1,1,06df92c25d98ae46fb41d814b2a0ca089bfcd309
28,43,1,1,1,06df92c25d98ae46fb41d814b2a0ca089bfcd309
28,44,1,1,1,06df92c25d98ae46fb41d814b2a0ca089bfcd309
29,1,1,1,1,ea02b3e78b49b5473230e035a3cacd2be1b1e332
29,2,1,1,1,ea02b3e78b49b5473230e035a3cacd2be1b1e332
29,3,1,1,1,ea02b3e78b49b5473230e035a3cacd2be1b1e332
29,4,1,1,1,ea02b3e78b49b5473230e035a3cacd2be1b1e332
29,5,1,1,1,ea02b3e78b49b5473230e035a3cacd2be1b1e332
29,6,1,1,1,ea02b3e78b49b5473230e035a3cacd2be1b1e332
29,7,1,1,1,ea02b3e78b49b5473230e035a3cacd2be1b1e332
29,8,1,1,1,ea02b3e78b49b5473230e035a3cacd2be1b1e332
29,9,1,1,1,ea02b3e78b49b5473230e035a3cacd2be1b1e332
29,10,1,1,1,ea02b3e78b49b5473230e035a3cacd2be1b1e332
29,11,1,1,1,ea02b3e78b49b5473230e035a3cacd2be1b1e332
29,12,1,1,1,ea02b3e78b49b5473230e035a3cacd2be1b1e332
29,13,1,1,1,ea02b3e78b49b5473230e035a3cacd2be1b1e332
29,14,1,1,1,ea02b3e78b49b5473230e035a3cacd2be1b1e332
29,15,1,1,1,ea02b3e78b49b5473230e035a3cacd2be1b1e332
29,16,1,1,1,ea02b3e78b49b5473230e035a3cacd2be1b1e332
29,17,1,1,1,ea02b3e78b49b5473230e035a3cacd2be1b1e332
29,18,1,1,1,ea02b3e78b49b5473230e035a3cacd2be1b1e332
29,19,1,1,1,ea02b3e78b49b5473230e035a3cacd2be1b1e332
29,20,1,1,1,ea02b3e78b49b5473230e035a3cacd2be1b1e332
29,21,1,1,1,ea02b3e78b49b5473230e035a3cacd2be1b1e332
29,22,1,1,1,ea02b3e78b49b5473230e035a3cacd2be1b1e332
29,23,1,1,1,ea02b3e78b49b5473230e035a3cacd2be1b1e332
29,24,1,1,1,ea02b3e78b49b5473230e035a3cacd2be1b1e332
29,25,1,1,1,ea02b3e78b49b5473230e035a3cacd2be1b1e332
29,26,1,1,1,ea02b3e78b49b5473230e035a3cacd2be1b1e332
29,27,1,1,1,ea02b3e78b49b5473230e035a3cacd2be1b1e332
29,28,1,1,1,ea02b3e78b49b5473230e035a3cacd2be1b1e332
29,29,1,1,1,ea02b3e78b49b5473230e035a3cacd2be1b1e332
29,30,1,1,1,ea02b3e78b49b5473230e035a3cacd2be1b1e332
29,31,1,1,1,ea02b3e78b49b5473230e035a3cacd2be1b1e332
29,32,1,1,1,ea02b3e78b49b5473230e035a3cacd2be1b1e332
29,33,1,1,1,ea02b3e78b49b5473230e035a3cacd2be1b1e332
29,34,1,1,1,ea02b3e78b49b5473230e035a3cacd2be1b1e332
29,35,1,1,1,ea02b3e78b49b5473230e035a3cacd2be1b1e332
29,36,1,1,1,ea02b3e78b49b5473230e035a3cacd2be1b1e332
29,37,1,1,1,ea02b3e78b49b5473230e035a3cacd2be1b1e332
29,38,1,1,1,ea02b3e78b49b5473230e035a3cacd2be1b1e332
29,39,1,1,1,ea02b3e78b49b5473230e035a3cacd2be1b1e332
29,40,1,1,1,ea02b3e78b49b5473230e035a3cacd2be1b1e332
29,41,1,1,1,ea02b3e78b49b5473230e035a3cacd2be1b1e332
29,42,1,1,1,ea02b3e78b49b5473230e035a3cacd2be1b1e332
29,43,1,1,1,ea02b3e78b49b5473230e035a3cacd2be1b1e332
29,44,1,1,1,ea02b3e78b49b5473230e035a3cacd2be1b1e332
29,45,1,1,1,ea02b3e78b49b5473230e035a3cacd2be1b1e332
29,46,1,1,1,ea02b3e78b49b5473230e035a3cacd2be1b1e332
29,47,1,1,1,ea02b3e78b49b5473230e035a3cacd2be1b1e332
29,48,1,1,1,ea02b3e78b49b5473230e035a3cacd2be1b1e332
29,49,1,1,1,ea02b3e78b49b5473230e035a3cacd2be1b1e332
30,1,1,1,1,2939d595210db4c11a02bd045d75e21f982d378f
30,2,1,1,1,2939d595210db4c11a02bd045d75e21f982d378f
30,3,1,1,1,2939d595210db4c11a02bd045d75e21f982d378f
30,4,1,1,1,2939d595210db4c11a02bd045d75e21f982d378f
30,5,1,1,1,2939d595210db4c11a02bd045d75e21f982d378f
30,6,1,1,1,2939d595210db4c11a02bd045d75e21f982d378f
30,7,1,1,1,2939d595210db4c11a02bd045d75e21f982d378f
30,8,1,1,1,2939d595210db4c11a02bd045d75e21f982d378f
30,9,1,1,1,2939d595210db4c11a02bd045d75e21f982d378f
30,10,1,1,1,2939d595210db4c11a02bd045d75e21f982d378f
30,11,1,1,1,2939d595210db4c11a02bd045d75e21f982d378f
30,12,1,1,1,2939d595210db4c11a02bd045d75e21f982d378f
30,13,1,1,1,2939d595210db4c11a02bd045d75e21f982d378f
30,14,1,1,1,2939d595210db4c11a02bd045d75e21f982d378f
30,15,1,1,1,2939d595210db4c11a02bd045d75e21f982d378f
30,16,1,1,1,2939d595210db4c11a02bd045d75e21f982d378f
30,17,1,1,1,2939d595210db4c11a02bd045d75e21f982d378f
30,18,1,1,1,2939d595210db4c11a02bd045d75e21f982d378f
30,19,1,1,1,2939d595210db4c11a02bd045d75e21f982d378f
30,20,1,1,1,2939d595210db4c11a02bd045d75e21f982d378f
30,21,1,1,1,2939d595210db4c11a02bd045d75e21f982d378f
30,22,1,1,1,2939d595210db4c11a02bd045d75e21f982d378f
30,23,1,1,1,2939d595210db4c11a02bd045d75e21f982d378f
30,24,1,1,1,2939d595210db4c11a02bd045d75e21f982d378f
30,25,1,1,1,2939d595210db4c11a02bd045d75e21f982d378f
30,26,1,1,1,2939d595210db4c11a02bd045d75e21f982d378f
30,27,1,1,1,2939d595210db4c11a02bd045d75e21f982d378f
30,28,1,1,1,2939d595210db4c11a02bd045d75e21f982d378f
30,29,1,1,1,2939d595210db4c11a02bd045d75e21f982d378f
30,30,1,1,1,2939d595210db4c11a02bd045d75e21f982d378f
30,31,1,1,1,2939d595210db4c11a02bd045d75e21f982d378f
30,32,1,1,1,2939d595210db4c11a02bd045d75e21f982d378f
30,33,1,1,1,2939d595210db4c11a02bd045d75e21f982d378f
30,34,1,1,1,2939d595210db4c11a02bd045d75e21f982d378f
30,35,1,1,1,2939d595210db4c11a02bd045d75e21f982d378f
30,36,1,1,1,2939d595210db4c11a02bd045d75e21f982d378f
30,37,1,1,1,2939d595210db4c11a02bd045d75e21f982d378f
30,38,1,1,1,2939d595210db4c11a02bd045d75e21f982d378f
30,39,1,1,1,2939d595210db4c11a02bd045d75e21f982d378f
30,40,1,1,1,2939d595210db4c11a02bd045d75e21f982d378f
30,41,1,1,1,2939d595210db4c11a02bd045d75e21f982d378f
30,42,1,1,1,2939d595210db4c11a02bd045d75e21f982d378f
30,43,1,1,1,2939d595210db4c11a02bd045d75e21f982d378f
30,44,1,1,1,2939d595210db4c11a02bd045d75e21f982d378f
30,45,1,1,1,2939d595210db4c11a02bd045d75e21f982d378f
30,46,1,1,1,2939d595210db4c11a02bd045d75e21f982d378f
30,47,1,1,1,2939d595210db4c11a02bd045d75e21f982d378f
30,48,1,1,1,2939d595210db4c11a02bd045d75e21f982d378f
30,49,1,1,1,2939d595210db4c11a02bd045d75e21f982d378f
30,50,1,1,1,2939d595210db4c11a02bd045d75e21f982d378f
31,1,1,1,1,f2de63ce4fe713e32beb98d8079faa55b6d2dfe8
31,2,1,1,1,f2de63ce4fe713e32beb98d8079faa55b6d2dfe8
31,3,1,1,1,f2de63ce4fe713e32beb98d8079faa55b6d2dfe8
31,4,1,1,1,f2de63ce4fe713e32beb98d8079faa55b6d2dfe8
31,5,1,1,1,f2de63ce4fe713e32beb98d8079faa55b6d2dfe8
31,6,1,1,1,f2de63ce4fe713e32beb98d8079faa55b6d2dfe8
31,7,1,1,1,f2de63ce4fe713e32beb98d8079faa55b6d2dfe8
31,8,1,1,1,f2de63ce4fe713e32beb98d8079faa55b6d2dfe8
31,9,1,1,1,f2de63ce4fe713e32beb98d8079faa55b6d2dfe8
31,10,1,1,1,f2de63ce4fe713e32beb98d8079faa55b6d2dfe8
31,11,1,1,1,f2de63ce4fe713e32beb98d8079faa55b6d2dfe8
31,12,1,1,1,f2de63ce4fe713e32beb98d8079faa55b6d2dfe8
31,13,1,1,1,f2de63ce4fe713e32beb98d8079faa55b6d2dfe8
31,14,1,1,1,f2de63ce4fe713e32beb98d8079faa55b6d2dfe8
31,15,1,1,1,f2de63ce4fe713e32beb98d8079faa55b6d2dfe8
31,16,1,1,1,f2de63ce4fe713e32beb98d8079faa55b6d2dfe8
31,17,1,1,1,f2de63ce4fe713e32beb98d8079faa55b6d2dfe8
31,18,1,1,1,f2de63ce4fe713e32beb98d8079faa55b6d2dfe8
31,19,1,1,1,f2de63ce4fe713e32beb98d8079faa55b6d2dfe8
31,20,1,1,1,f2de63ce4fe713e32beb98d8079faa55b6d2dfe8
31,21,1,1,1,f2de63ce4fe713e32beb98d8079faa55b6d2dfe8
31,22,1,1,1,f2de63ce4fe713e32beb98d8079faa55b6d2dfe8
31,23,1,1,1,f2de63ce4fe713e32beb98d8079faa55b6d2dfe8
31,24,1,1,1,f2de63ce4fe713e32beb98d8079faa55b6d2dfe8
31,25,1,1,1,f2de63ce4fe713e32beb98d8079faa55b6d2dfe8
31,26,1,1,1,f2de63ce4fe713e32beb98d8079faa55b6d2dfe8
31,27,1,1,1,f2de63ce4fe713e32beb98d8079faa55b6d2dfe8
31,28,1,1,1,f2de63ce4fe713e32beb98d8079faa55b6d2dfe8
