id	tier	corpus	work	reference	sanskrit_iast	english_rendering	context_and_limits	verification	family	source_url
1	C	Veda	Ṛgveda	10.129.6–7	ko addhā veda ka iha pra vocat kuta ājātā kuta iyaṃ visṛṣṭiḥ ... yo asyādhyakṣaḥ parame vyoman so aṅga veda yadi vā na veda	Who really knows whence creation arose? Perhaps its overseer knows—or perhaps not.	Epistemic humility about cosmogony; not a rejection of teachers.	Verified digital Sanskrit	creation_humility	https://www.wisdomlib.org/hinduism/book/rig-veda-english-translation/d/doc840102.html
2	C	Veda	Ṛgveda	1.89.1	ā no bhadrāḥ kratavo yantu viśvato 'dabdhāso aparītāsa udbhidaḥ	May beneficial insights come to us from every direction.	Openness to many sources; not specifically about guru authority.	Verified digital Sanskrit	openness_many_sources	https://www.wisdomlib.org/hinduism/book/rig-veda-english-translation/d/doc829922.html
3	C	Veda	Ṛgveda	1.164.46	indraṃ mitraṃ varuṇam agnim āhur atho divyaḥ sa suparṇo garutmān | ekaṃ sad viprā bahudhā vadanty agniṃ yamaṃ mātariśvānam āhuḥ	Reality is one; inspired speakers name it in many ways.	Supports plurality of formulation, not unrestricted relativism.	Verified digital Sanskrit	plural_formulations	https://www.sanskritica.com/shlokas/rig-1-164-46-ekam-sat
4	C	Veda	Ṛgveda	10.191.2–4	saṃ gacchadhvaṃ saṃ vadadhvaṃ saṃ vo manāṃsi jānatām ... samānam astu vo mano yathā vaḥ susahāsati	Come together, speak together, and let your deliberation and intentions be shared.	Collective deliberation; not anti-authoritarian.	Verified digital Sanskrit	collective_deliberation	https://www.wisdomlib.org/hinduism/book/rig-veda-english-translation/d/doc840451.html
5	B	Upaniṣad	Kena Upaniṣad	2.1	yadi manyase suvedeti daharam evāpi nūnaṃ tvaṃ vettha brahmaṇo rūpam ... atha nu mīmāṃsyam eva te manye viditam	If you think you know Brahman well, you know only a little; what you know still requires inquiry.	Teacher corrects premature certainty.	Verified digital Sanskrit	kena_humility	https://www.wisdomlib.org/hinduism/book/kena-upanishad-madhva-commentary/d/doc486074.html
6	B	Upaniṣad	Kena Upaniṣad	2.3	yasyāmataṃ tasya mataṃ mataṃ yasya na veda saḥ | avijñātaṃ vijānatāṃ vijñātam avijānatām	It is understood by one who does not claim complete conceptual possession; one who thinks it fully known does not know.	Paradoxical teaching on limits of objectifying knowledge.	Verified digital Sanskrit	kena_humility	https://vivekavani.com/keu/
7	C	Upaniṣad	Kaṭha Upaniṣad	1.2.5	avidyāyām antare vartamānāḥ svayaṃ dhīrāḥ paṇḍitaṃ manyamānāḥ | dandramyamāṇāḥ pariyanti mūḍhā andhenaiva nīyamānā yathāndhāḥ	Living in ignorance while imagining themselves wise, they wander like blind people led by the blind.	Warns against false expertise and bad leadership.	Verified digital Sanskrit	blind_leading_blind	https://vivekavani.com/kau1c2v5/
8	B	Upaniṣad	Kaṭha Upaniṣad	1.2.23	nāyam ātmā pravacanena labhyo na medhayā na bahunā śrutena | yam evaiṣa vṛṇute tena labhyas tasyaiṣa ātmā vivṛṇute tanūṃ svām	The Self is not attained merely by preaching, intellect, or much hearing.	Denies sufficiency of verbal learning; does not deny scripture or grace.	Verified digital Sanskrit	learning_not_realization	https://vivekavani.com/kau1c2v23/
9	C	Upaniṣad	Muṇḍaka Upaniṣad	1.2.8	avidyāyām antare vartamānāḥ svayaṃ dhīrāḥ paṇḍitaṃ manyamānāḥ | jaṅghanyamānāḥ pariyanti mūḍhā andhenaiva nīyamānā yathāndhāḥ	Those in ignorance who imagine themselves wise wander like blind people led by the blind.	Near-parallel of Kaṭha; counted in the same textual family.	Verified digital Sanskrit	blind_leading_blind	https://vivekavani.com/muu1c2v8/
10	B	Upaniṣad	Muṇḍaka Upaniṣad	1.2.12	parīkṣya lokān karmacitān brāhmaṇo nirvedam āyān nāsty akṛtaḥ kṛtena | tad vijñānārthaṃ sa gurum evābhigacchet samitpāṇiḥ śrotriyaṃ brahmaniṣṭham	After examining the worlds gained by action, approach a teacher who knows the tradition and is established in Brahman.	Examination precedes approaching a qualified guru.	Verified digital Sanskrit	examine_then_teacher	https://gita.pub/upanishad/mundaka/verse/1-2-12/
11	B	Upaniṣad	Bṛhadāraṇyaka Upaniṣad	2.4.5	ātmā vā are draṣṭavyaḥ śrotavyo mantavyo nididhyāsitavyo maitreyi	The Self is to be heard about, reflected upon, and deeply contemplated.	Hearing is one stage; reasoning/reflection is explicitly required.	Verified digital Sanskrit	hear_reflect_contemplate	https://vivekavani.com/bru2c4v5/
12	B	Upaniṣad	Chāndogya Upaniṣad	7.1.3–4	so 'haṃ bhagavo mantravid evāsmi nātmavit ... yad vai kiṃ caitad adhyagīṣṭhā nāmaivaitat	Nārada says, “I know the mantras, but not the Self”; Sanatkumāra replies that what he has learned so far is only name.	Rote scriptural mastery is distinguished from realization.	Verified digital Sanskrit	learning_not_realization	https://vivekavani.com/chu7c1v3/
13	A	Upaniṣad	Taittirīya Upaniṣad	1.11.2–3	yāny anavadyāni karmāṇi tāni sevitavyāni no itarāṇi | yāny asmākaṃ sucaritāni tāni tvayopāsyāni no itarāṇi	Practice only our blameless and good conduct—not the rest.	Directly limits imitation of the teacher: follow only conduct that is ethically blameless.	Verified digital Sanskrit	teacher_only_bl_ameless	https://sanskritdocuments.org/doc_upanishhat/shikshaavalii.html
14	B	Upaniṣad	Taittirīya Upaniṣad	1.11.3	atha yadi te karmavicikitsā vā vṛttavicikitsā vā syāt | ye tatra brāhmaṇāḥ saṃmarśinaḥ yuktā āyuktā alūkṣā dharmakāmāḥ syuḥ | yathā te tatra varteran tathā tatra vartethāḥ	If doubt arises about an action or conduct, look to thoughtful, competent, non-harsh people devoted to dharma.	A communal procedure for resolving doubt; qualifications matter.	Verified digital Sanskrit	doubt_consult_qualified	https://www.wisdomlib.org/hinduism/book/the-taittiriya-upanishad/d/doc79789.html
15	A	Vedāṅga / Śikṣā	Yājñavalkyaśikṣā	MS B 432-7 v.193; other recensions differ	yuktiyuktaṃ vaco grāhyaṃ na grāhyaṃ gurugauravāt | sarvaśāstrarahasyaṃ tad yājñavalkyena bhāṣitam	Accept speech that is joined with reason; do not accept it merely from reverence for a guru.	Extremely direct, but verse number is recension-dependent; not safely “232” in all editions.	Verified manuscript catalogue; numbering variable	yukti_guru_reverence	https://www-archiv.fdm.uni-hamburg.de/
16	A	Itihāsa	Mahābhārata	5.178.24	guror apy avaliptasya kāryākāryam ajānataḥ | utpathapratipannasya kāryaṃ bhavati śāsanam	Even a guru who is arrogant, cannot distinguish right from wrong, and takes a wrong path must be corrected.	Bhīṣma respectfully refuses Paraśurāma’s order in the Ambā dispute.	Verified critical-edition Sanskrit	bad_guru_correction	https://gretil.sub.uni-goettingen.de/gretil/corpustei/transformations/html/sa_mahAbhArata.htm
17	A	Itihāsa	Mahābhārata	12.57.7	guror apy avaliptasya kāryākāryam ajānataḥ | utpathapratipannasya parityāgo vidhīyate	Abandonment is prescribed for an arrogant guru who cannot distinguish right from wrong and follows a wrong path.	A direct gnomic form in a statecraft discussion; parallel family.	Verified critical-edition Sanskrit	bad_guru_correction	https://gretil.sub.uni-goettingen.de/gretil/corpustei/transformations/html/sa_mahAbhArata.htm
18	A	Itihāsa	Mahābhārata	12.138.48	guror apy avaliptasya kāryākāryam ajānataḥ | utpathapratipannasya daṇḍo bhavati śāsanam	A straying, arrogant guru unable to discern right and wrong is subject to discipline.	More severe statecraft variant; parallel family, not an independent maxim.	Verified critical-edition Sanskrit	bad_guru_correction	https://gretil.sub.uni-goettingen.de/gretil/corpustei/transformations/html/sa_mahAbhArata.htm
19	A	Itihāsa	Mahābhārata, Bhagavad Gītā	6.40.63 = Gītā 18.63	iti te jñānam ākhyātaṃ guhyād guhyataraṃ mayā | vimṛśyaitad aśeṣeṇa yathecchasi tathā kuru	I have taught you the most secret knowledge; reflect on it completely, then act as you choose.	Krishna ends instruction by requiring reflection and leaving agency to Arjuna.	Verified critical-edition Sanskrit	reflect_then_choose	https://www.gitasupersite.iitk.ac.in/srimad?language=dv&field_chapter_value=18&field_nsutra_value=63
20	B	Itihāsa	Mahābhārata, Bhagavad Gītā	6.26.34 = Gītā 4.34	tad viddhi praṇipātena paripraśnena sevayā | upadekṣyanti te jñānaṃ jñāninas tattvadarśinaḥ	Learn through humility, service, and sustained questioning of those who have seen truth.	Supports respectful inquiry, not passive submission.	Verified critical-edition Sanskrit	question_teacher	https://www.gitasupersite.iitk.ac.in/srimad?language=dv&field_chapter_value=4&field_nsutra_value=34
21	A	Itihāsa	Mahābhārata, Tulādhāra dialogue	12.254.49–52	īdṛśān aśivān ghorān ācārān iha jājale | kevalācaritatvāt tu nipuṇān nāvabudhyase || kāraṇād dharmam anvicchen na lokacaritaṃ caret ... upapattyā hi saṃpanno yatibhiś caiva sevyate	Do not fail to see harmful customs merely because they are practiced; seek dharma on grounds, not by copying the world; the wise honor what is supported by justification.	Tulādhāra’s ethical critique of conventional sacrificial practice.	Verified critical-edition Sanskrit	custom_needs_reason	https://gretil.sub.uni-goettingen.de/gretil/corpustei/transformations/html/sa_mahAbhArata.htm
22	C	Itihāsa	Mahābhārata, Bhagavad Gītā	6.28.5 = Gītā 6.5	uddhared ātmanātmānaṃ nātmānam avasādayet | ātmaiva hy ātmano bandhur ātmaiva ripur ātmanaḥ	One should raise oneself and not degrade oneself; the self can be one’s ally or enemy.	Supports personal responsibility, not a rule for evaluating scripture.	Verified digital Sanskrit	self_responsibility	https://www.gitasupersite.iitk.ac.in/srimad?language=dv&field_chapter_value=6&field_nsutra_value=5
23	C	Itihāsa	Vālmīki Rāmāyaṇa	6.9.8–13	upapattim upālambhaṃ bruvāṇaṃ sādhu rāvaṇa ... parīkṣitāḥ kṣipraṃ vināśam upayānti hi	Vibhīṣaṇa asks Rāvaṇa to weigh reasons and warns that unexamined undertakings quickly end in ruin.	Practical counsel in war; thematic rather than a guru rule.	Verified critical-edition Sanskrit	practical_examination	https://gretil.sub.uni-goettingen.de/gretil/corpustei/transformations/html/sa_vAlmIki-rAmAyaNa.htm
24	C	Itihāsa	Vālmīki Rāmāyaṇa	6.11.32–35	guṇadoṣau parijñāya ... guṇavān vā yadi vā doṣavān ayam	Assess benefit and harm, then decide whether the newcomer’s qualities justify acceptance.	Rāma’s council considers Vibhīṣaṇa; practical evaluation of a person.	Verified critical-edition Sanskrit	practical_examination	https://gretil.sub.uni-goettingen.de/gretil/corpustei/transformations/html/sa_vAlmIki-rAmAyaNa.htm
25	C	Itihāsa	Vālmīki Rāmāyaṇa	6.12.6–8	na tvevaṃ hi vicinvantaḥ ... pratyakṣam anumānaṃ ca sarveṣāṃ yonir eva hi	Investigation uses observable signs and inference; judgment must be made from evidence.	Hanumān argues that over-testing a sincere refuge-seeker can itself mislead; context matters.	Verified critical-edition Sanskrit	evidence_inference	https://gretil.sub.uni-goettingen.de/gretil/corpustei/transformations/html/sa_vAlmIki-rAmAyaNa.htm
26	A	Mahāpurāṇa	Viṣṇu Purāṇa	3.18.26	naitad yuktisahaṃ vākyaṃ hiṃsā dharmāya neṣyate	The claim that violence is dharma does not withstand reason.	Spoken by Māyāmoha while deluding the demons; evidence of internal rational rhetoric, not the narrator’s universal doctrine.	Verified primary Sanskrit; polemical context	mayamoha_reason	https://gretil.sub.uni-goettingen.de/gretil/corpustei/transformations/html/sa_viSNupurANa-crit.htm
27	A	Mahāpurāṇa	Viṣṇu Purāṇa	3.18.31	na hy āptavādā nabhaso nipatanti mahāsurāḥ | yuktimadvacanaṃ grāhyaṃ mayānyaiś ca bhavadvidhaiḥ	Reliable statements do not fall from the sky; reasoned speech should be accepted.	Māyāmoha’s polemical speech; must not be isolated as the Purāṇa’s final doctrine.	Verified primary Sanskrit; polemical context	mayamoha_reason	https://gretil.sub.uni-goettingen.de/gretil/corpustei/transformations/html/sa_viSNupurANa-crit.htm
28	A	Mahāpurāṇa	Padma Purāṇa, Sṛṣṭikhaṇḍa	1.13.365–370	naitad yuktisahaṃ vākyaṃ hiṃsā dharmāya jāyate ... na hy āptavādā nabhaso nipatanti mahāsurāḥ | yuktimadvacanaṃ grāhyam	Ritual violence does not withstand examination; reliable claims do not fall from the sky, so accept reasoned speech.	A parallel Māyāmoha recension; grouped with Viṣṇu Purāṇa witnesses.	Verified web Sanskrit; parallel/polemical	mayamoha_reason	https://www.transliteral.org/pages/z201025100602/view
29	B	Mahāpurāṇa	Liṅga Purāṇa	1.10.14–15	vṛddhāś cālolupāś caiva ātmavanto hy adāmbhikāḥ | samyagvinītā ṛjavas tān ācāryān pracakṣate || svayam ācarate yasmād ācāraṃ sthāpayaty api | ācinoti ca śāstrārthān ācāryas tena cocyate	A true teacher is mature, non-greedy, self-controlled, non-hypocritical and straightforward; one practices what one teaches and understands scripture’s meaning.	Qualification test for an ācārya.	Verified primary Sanskrit	qualified_teacher_linga	https://gretil.sub.uni-goettingen.de/gretil/1_sanskr/3_purana/lip_1_pu.htm
30	B	Mahāpurāṇa	Liṅga Purāṇa	1.10.17	dṛṣṭvānurūpam arthaṃ yaḥ pṛṣṭo naivāpi gūhati | yathādṛṣṭapravādas tu satyaṃ laiṅge 'tra paṭhyate	A truthful person does not hide what has been observed and speaks in accordance with observation.	Definition of truthfulness; not specifically about a guru.	Verified primary Sanskrit	observation_truth	https://gretil.sub.uni-goettingen.de/gretil/1_sanskr/3_purana/lip_1_pu.htm
31	B	Mahāpurāṇa	Liṅga Purāṇa	1.10.22	śrutismṛtibhyāṃ vihito dharmo varṇāśramātmakaḥ | śiṣṭācārāviruddhaś ca sa dharmaḥ sādhur ucyate	Sound dharma is taught by śruti and smṛti and is not contrary to the conduct of the virtuous.	This is a qualifying traditionalist criterion, not independent reason alone.	Verified primary Sanskrit	plural_dharma_criteria	https://gretil.sub.uni-goettingen.de/gretil/1_sanskr/3_purana/lip_1_pu.htm
32	B	Mahāpurāṇa	Liṅga Purāṇa	1.61.61–63	āgamād anumānāc ca pratyakṣād upapattitaḥ | parīkṣya nipuṇaṃ buddhyā śraddhātavyaṃ vipaścitā ... cakṣuḥ śāstraṃ jalaṃ lekhyaṃ gaṇitaṃ ... pañcaite hetavo jñeyā jyotirmānavinirṇaye	The learned should examine carefully through scripture, inference, observation, reasoning, writing and calculation when deciding astronomical measures.	Domain-specific epistemology: astronomy.	Verified primary Sanskrit	astronomy_multiple_evidence	https://gretil.sub.uni-goettingen.de/gretil/1_sanskr/3_purana/lip_1_pu.htm
33	C	Mahāpurāṇa	Garuḍa Purāṇa	1.109.4–5	calaty ekena pādena tiṣṭhaty ekena buddhimān | na parīkṣya paraṃ sthānaṃ pūrvam āyatanaṃ tyajet	A wise person does not leave one footing before examining the next.	Practical prudence, not a theological rule.	Verified primary Sanskrit	practical_examination	https://gretil.sub.uni-goettingen.de/gretil/1_sanskr/3_purana/garup1_u.htm
34	C	Mahāpurāṇa	Kūrma Purāṇa	2.33.152	yo 'rthaṃ vicārya yuktātmā śrāvayed brāhmaṇān śucīn | sa doṣakañcukaṃ tyaktvā yāti devaṃ maheśvaram	One who carefully considers the meaning and teaches it with disciplined, pure scholars sheds error.	Reflection on meaning is explicit, but the passage remains teacher-centered.	Verified primary Sanskrit	consider_meaning	https://gretil.sub.uni-goettingen.de/gretil/1_sanskr/3_purana/kurmp2_u.htm
35	B	Upapurāṇa	Narasimha Purāṇa	1.64.78–79	bahutvād iha śāstrāṇāṃ jñānatattvaṃ sudurlabham | āloḍya sarvaśāstrāṇi vicārya ca punaḥ punaḥ || idam ekaṃ suniṣpannaṃ dhyeyo nārāyaṇaḥ sadā	Because scriptures are numerous, truth is hard to obtain; churn all the scriptures and reflect repeatedly.	Method is comparative; conclusion is explicitly Vaiṣṇava.	Verified primary Sanskrit	alodya_all_scriptures	https://gretil.sub.uni-goettingen.de/gretil/1_sanskr/3_purana/narsippu.htm
36	A	Mahāpurāṇa	Skanda Purāṇa, Nāgarakhaṇḍa	6.1.278.88	guror apy avaliptasya kāryākāryam ajānataḥ | utpathe vartamānasya parityāgo vidhīyate	A proud guru who cannot distinguish right and wrong and remains on a wrong path is to be abandoned.	Later Purāṇic witness of the Mahābhārata maxim.	Verified web Sanskrit; parallel family	bad_guru_correction	https://www.wisdomlib.org/hinduism/book/skanda-purana-sanskrit/d/doc826349.html
37	B	Mahāpurāṇa (quoted)	Skanda Purāṇa, quoted in Hari-bhakti-vilāsa	3.127	āloḍya sarvaśāstrāṇi vicārya ca punaḥ punaḥ | idam eva suniṣpannaṃ dhyeyo nārāyaṇaḥ sadā	Having churned all scriptures and reflected repeatedly, the conclusion is to contemplate Nārāyaṇa.	Quoted witness; close parallel to Narasimha Purāṇa.	Verified quotation; source-location dependent	alodya_all_scriptures	https://www.wisdomlib.org/hinduism/book/hari-bhakti-vilasa-sanskrit-text/d/doc498395.html
38	B	Mahāpurāṇa	Śiva Purāṇa	7.2.15.44	tasmād yasyaiva saṃparkāt prabodhānandasaṃbhavaḥ | guruṃ tam eva vṛṇuyān nāparaṃ matimān naraḥ	A discerning person should choose as guru the one whose company produces awakening and joy.	Outcome-based criterion for choosing a teacher.	Verified primary Sanskrit	shiva_test_teacher	https://gretil.sub.uni-goettingen.de/gretil/1_sanskr/3_purana/sivap7_u.htm
39	A	Mahāpurāṇa	Śiva Purāṇa	7.2.15.45–47	sa śiṣyair vinayācāracaturair ucito guruḥ | yāvad vijñāyate tāvat sevanīyo mumukṣubhiḥ ... na tu tattvaṃ tyajej jātu ... yatrānandaḥ prabodho vā nālpam apy upalabhyate | vatsarād api śiṣyeṇa so 'nyaṃ gurum upāśrayet	A seeker should assess the guru, never abandon truth, and if after a year no awakening or joy appears at all, seek another guru.	Very direct, but the preceding chapter also strongly praises obedience; both contexts belong together.	Verified primary Sanskrit	shiva_test_teacher	https://gretil.sub.uni-goettingen.de/gretil/1_sanskr/3_purana/sivap7_u.htm
40	B	Mahāpurāṇa	Brahmāṇḍa Purāṇa	1.32.31–32	vṛddhāś cālolupāś caiva ātmavanto hy adāmbhikāḥ ... svayam ācarate yasmād ācāraṃ sthāpayaty api	Teachers are mature, non-greedy, self-controlled, sincere, and practice the conduct they establish.	Parallel of Liṅga Purāṇa teacher-definition.	Verified primary Sanskrit; parallel family	qualified_teacher_linga	https://gretil.sub.uni-goettingen.de/gretil/1_sanskr/3_purana/brpu1_u.htm
41	C	Mahāpurāṇa	Mārkaṇḍeya Purāṇa	10.27–31	vedavādaratā mūḍhāḥ karmaṇy eva pravartakāḥ ... na vidanti paraṃ tattvam	Those absorbed only in Vedic ritual words and action do not thereby know the highest truth.	Narrative critique of ritualism; excerpt, and not a rejection of the Veda itself.	Verified primary Sanskrit	learning_not_realization	https://gretil.sub.uni-goettingen.de/gretil/1_sanskr/3_purana/marp_u.htm
42	A	Mahāpurāṇa	Bhāgavata Purāṇa	10.33.30–31	naitat samācarej jātu manasāpi hy anīśvaraḥ ... īśvarāṇāṃ vacaḥ satyaṃ tathaivācaritaṃ kvacit | teṣāṃ yat svavacoyuktaṃ buddhimāṃs tat samācaret	One without divine mastery must not imitate extraordinary divine acts; the intelligent follow only conduct consistent with the deity’s own teaching.	Directly rejects “a god did it, therefore imitate it.”	Verified primary Sanskrit	no_divine_imitation	https://vedabase.io/en/library/sb/10/33/30/
43	A	Mahāpurāṇa	Bhāgavata Purāṇa	8.20.1–4	balir evaṃ gṛhapatiḥ kulācāryeṇa bhāṣitaḥ | tūṣṇīṃ bhūtvā kṣaṇaṃ rājan uvācāvahito gurum ... na hy asatyāt paro 'dharmaḥ	Bali pauses and considers his family guru’s advice, then rejects it because he judges falsehood the greater adharma.	Narrative dissent from Śukra, grounded in truthfulness.	Verified primary Sanskrit	bali_rejects_guru	https://vedabase.io/en/library/sb/8/20/1/
44	A	Mahāpurāṇa	Bhāgavata Purāṇa	8.20.14–16	śrī-balir uvāca ... nāhaṃ bibhemi nirayān nādhanyād asukhārṇavāt | na sthānacyavanān mṛtyor yathā viprapralambhanāt	Bali explains that he fears deceiving a brāhmaṇa more than hell, poverty, loss of position, or death, so he will not retract his promise.	Continuation of the Bali episode; truth and vow override the teacher’s prudential command.	Verified primary Sanskrit	bali_rejects_guru	https://vedabase.io/en/library/sb/8/20/14/
45	A	Mahāpurāṇa	Bhāgavata Purāṇa	8.22.30	guruṇā bhartsitaḥ śapto jahau satyaṃ na suvrataḥ | chalair ukto mayā dharmo nāyaṃ tyajati satyavāk	Though rebuked and cursed by his guru, the steadfast Bali did not abandon truth.	The divine narrator praises Bali’s refusal to lie.	Verified primary Sanskrit	bali_rejects_guru	https://vedabase.io/en/library/sb/8/22/30/
46	A	Mahāpurāṇa	Bhāgavata Purāṇa	9.13.5	nimeś cacāra dehaṃ svaṃ gurave 'dharmavartine | gurur apy apatad dehe lobhād dharmam ajānataḥ	Nimi condemns his guru for acting contrary to dharma through greed and failing to discern dharma.	Conflict narrative; closely related to the Viṣṇu Purāṇa Nimi story.	Verified primary Sanskrit	nimi_bad_guru	https://vedabase.io/en/library/sb/9/13/5/
47	B	Mahāpurāṇa	Bhāgavata Purāṇa	11.3.21	tasmād guruṃ prapadyeta jijñāsuḥ śreya uttamam | śābde pare ca niṣṇātaṃ brahmaṇy upaśamāśrayam	A seeker should approach a guru deeply grounded in scripture and realization, and established in peace.	Qualification criteria imply that not every claimant is a guru.	Verified primary Sanskrit	qualified_teacher_bhagavata	https://vedabase.io/en/library/sb/11/3/21/
48	B	Mahāpurāṇa	Bhāgavata Purāṇa	11.8.10	aṇubhyaś ca mahadbhyaś ca śāstrebhyaḥ kuśalo naraḥ | sarvataḥ sāram ādadyāt puṣpebhya iva ṣaṭpadaḥ	A skillful person takes the essence from teachings small and great, like a bee taking nectar from many flowers.	Comparative learning from multiple texts.	Verified primary Sanskrit	bee_many_sources	https://vedabase.io/en/library/sb/11/8/10/
49	B	Mahāpurāṇa	Bhāgavata Purāṇa	11.9.24–25	evaṃ gurubhya etebhya eṣā me śikṣitā matiḥ | svātmopaśikṣitāṃ buddhiṃ śṛṇu me ... deho gurur mama viraktivivekahetuḥ	I learned from these many teachers and from my own body and discernment; the body itself became a teacher of detachment.	Avadhūta’s twenty-four teachers and experiential reflection.	Verified primary Sanskrit	many_teachers_experience	https://vedabase.io/en/library/sb/11/9/24/
50	A	Mahāpurāṇa	Bhāgavata Purāṇa	11.9.31	na hy ekasmād guror jñānaṃ susthiraṃ syāt supuṣkalam | brahmaitad advitīyaṃ vai gīyate bahudharṣibhiḥ	Firm and abundant knowledge does not arise from one guru alone; sages express the one reality in many ways.	Directly denies monopoly by one teacher; not a rejection of initiation traditions.	Verified primary Sanskrit	many_gurus	https://vedabase.io/en/library/sb/11/9/31/
51	B	Mahāpurāṇa	Bhāgavata Purāṇa	11.19.17	śrutiḥ pratyakṣam aitihyam anumānaṃ catuṣṭayam | pramāṇeṣv anavasthānād vikalpāt sa virajyate	Scripture, perception, tradition, and inference form a fourfold evidential field; their alternatives can produce dispassion from fixed constructions.	Translation is interpretively difficult; not simply “all sources are equal.”	Verified primary Sanskrit	bhagavata_four_pramanas	https://vedabase.io/en/library/sb/11/19/17/
52	A	Mahāpurāṇa	Bhāgavata Purāṇa	11.22.9	paurvāparyam ato 'mīṣāṃ prasaṅkhyānam abhīpsatām | yathā viviktaṃ yad vaktraṃ gṛhṇīmo yuktisambhavāt	Among differing analyses, we accept the account that can be distinctly established through reasoning.	Speaker-sensitive grammar is debated; the verse unmistakably invokes yukti.	Verified primary Sanskrit	reason_among_accounts	https://vedabase.io/en/library/sb/11/22/9/
53	B	Mahāpurāṇa	Bhāgavata Purāṇa	11.28.9	pratyakṣeṇānumānena nigamenātmasaṃvidā | ādyantavad asaj jñātvā niḥsaṅgo vicared iha	Through perception, inference, scripture, and inner realization, discern the conditioned world’s transience.	Multiple coordinated modes of knowing.	Verified primary Sanskrit	bhagavata_multi_pramanas	https://vedabase.io/en/library/sb/11/28/9/
54	B	Mahāpurāṇa	Bhāgavata Purāṇa	11.28.18	jñānaṃ viveko nigamas tapaś ca pratyakṣam aitihyam athānumānam | ādyantayor asya yad eva kevalaṃ kālaś ca hetuś ca tad eva madhye	Knowledge, discrimination, scripture, discipline, perception, tradition, inference, time and causation contribute to discernment.	Metaphysical context; not a general modern scientific method.	Verified primary Sanskrit	bhagavata_multi_pramanas	https://vedabase.io/en/library/sb/11/28/18/
55	B	Mahāpurāṇa	Bhāgavata Purāṇa	11.10.4	nivṛttaṃ karma seveta pravṛttaṃ matparas tyajet | jijñāsāyāṃ sampravṛtto nādriyeta karmacodanām	One engaged in inquiry into the highest truth is no longer bound to injunctions aimed at ordinary fruitive action.	Applies to an advanced seeker, not a blanket rejection of ethical rules.	Verified primary Sanskrit	advanced_inquiry	https://vedabase.io/en/library/sb/11/10/4/
56	C	Mahāpurāṇa	Bhāgavata Purāṇa	10.23.9	iti te bhagavadyācñāṃ śṛṇvanto 'pi na śuśruvuḥ | kṣudrāśā bhūrikarmāṇo bāliśā vṛddhamāninaḥ	Ritualists proud of age and many rites ignore the divine request and are called foolish.	Status, age, and ritual volume do not guarantee wisdom.	Verified primary Sanskrit	status_not_wisdom	https://vedabase.io/en/library/sb/10/23/9/
57	C	Mahāpurāṇa	Bhāgavata Purāṇa	7.5.30–31	matir na kṛṣṇe parataḥ svato vā ... andhā yathāndhair upanīyamānās te 'pīśatantryām urudāmni baddhāḥ	Those led by leaders who are themselves blind remain bound, like blind people led by the blind.	Sectarian devotional context; strong image against unqualified leadership.	Verified primary Sanskrit	blind_leading_blind	https://vedabase.io/en/library/sb/7/5/30/
58	A	Mahāpurāṇa	Bhāgavata Purāṇa	5.5.18	gurur na sa syāt svajano na sa syāt pitā na sa syāj jananī na sā syāt | daivaṃ na tat syān na patiś ca sa syān na mocayed yaḥ samupetamṛtyum	One should not assume the role of guru, kin, parent, deity, or spouse if unable to lead the dependent beyond death.	Sets a demanding functional qualification; not permission to disregard any imperfect teacher.	Verified primary Sanskrit	role_requires_capacity	https://vedabase.io/en/library/sb/5/5/18/
59	B	Mahāpurāṇa	Viṣṇu Purāṇa	4.5.5	tato nimeḥ śāpo 'bhūd duṣṭaguroḥ ...	Nimi’s conflict identifies a guru as blameworthy when greed and misconduct displace duty.	Parallel Nimi–Vasiṣṭha narrative; wording differs by edition.	Verified primary Sanskrit; contextual excerpt	nimi_bad_guru	https://gretil.sub.uni-goettingen.de/gretil/corpustei/transformations/html/sa_viSNupurANa-crit.htm
60	C	Mahāpurāṇa	Nārada Purāṇa	1.9.93–99	śāstrārthajñaṃ guruṃ prāpya vicāraṃ ca samācaret ...	After finding a teacher who knows scripture, the student should undertake reflection.	Context remains strongly traditional and subordinates free-standing tarka; included as a qualified parallel.	Verified primary Sanskrit; excerpt	reflect_with_teacher	https://gretil.sub.uni-goettingen.de/gretil/1_sanskr/3_purana/narp1_u.htm
61	A	Dharmaśāstra	Manusmṛti	12.105–106	pratyakṣaṃ cānumānaṃ ca śāstraṃ ca vividhāgamam | trayaṃ suviditaṃ kāryaṃ dharmaśuddhim abhīpsatā || ārṣaṃ dharmopadeśaṃ ca vedaśāstrāvirodhinā | yas tarkeṇānusaṃdhatte sa dharmaṃ veda netaraḥ	One seeking clarity in dharma must know perception, inference, and diverse scripture; one truly knows dharma by investigating the sages’ teaching with reasoning that does not contradict Veda.	A strong synthesis, but reason is expressly bounded by Vedic consistency.	Verified primary Sanskrit	manu_reason_scripture	https://gretil.sub.uni-goettingen.de/gretil/1_sanskr/6_sastra/4_dharma/smrti/manu2p_u.htm
62	B	Dharmaśāstra	Bṛhaspati Smṛti, Vyavahārakāṇḍa	1.1.111	dharmaśāstrārthaśāstrābhyām avirodhena pārthivaḥ | samīkṣamāṇo nipuṇaṃ vyavahāragatiṃ nayet	A ruler should determine legal procedure through careful examination consistent with Dharmaśāstra and Arthaśāstra.	Judicial method, not theology.	Verified primary Sanskrit	brhaspati_legal_reason	https://gretil.sub.uni-goettingen.de/gretil/1_sanskr/6_sastra/4_dharma/smrti/brhasppu.htm
63	A	Dharmaśāstra	Bṛhaspati Smṛti, Vyavahārakāṇḍa	1.1.114	kevalaṃ śāstram āśritya na kartavyo vinirṇayaḥ | yuktihīne vicāre tu dharmahāniḥ prajāyate	A decision must not be made by relying on scripture alone; when inquiry lacks reasoning, dharma is harmed.	One of the clearest direct statements, specifically in adjudication.	Verified primary Sanskrit	brhaspati_legal_reason	https://gretil.sub.uni-goettingen.de/gretil/1_sanskr/6_sastra/4_dharma/smrti/brhasppu.htm
64	A	Dharmaśāstra	Bṛhaspati Smṛti, Vyavahārakāṇḍa	1.1.116	cauro 'cauraḥ sādhv asādhu jāyate vyavahārataḥ | yuktiṃ vinā vicāreṇa māṇḍavyaś coratāṃ gataḥ	In litigation the innocent can be made a thief and the good made bad; without reasoning in inquiry, Māṇḍavya was condemned as a thief.	Warns concretely against authority acting without rational evaluation.	Verified primary Sanskrit	brhaspati_legal_reason	https://gretil.sub.uni-goettingen.de/gretil/1_sanskr/6_sastra/4_dharma/smrti/brhasppu.htm
65	A	Dharmaśāstra	Bṛhaspati Smṛti, Vyavahārakāṇḍa	1.1.117	asatyāḥ satyasadṛśāḥ satyāś cāsatyasaṃnibhāḥ | dṛśyante bhrāntijanakās tasmād yuktyā vicārayet	False claims may look true and true claims false; because appearances mislead, one should investigate through reasoning.	Judicial epistemology with general force.	Verified primary Sanskrit	brhaspati_legal_reason	https://gretil.sub.uni-goettingen.de/gretil/1_sanskr/6_sastra/4_dharma/smrti/brhasppu.htm
66	B	Dharmasūtra	Āpastamba Dharmasūtra	1.7.20.6–8	na dharmādharmau carata āvaṃ sva iti | na devagandharvā na pitara ity ācakṣate 'yaṃ dharmo 'yam adharma iti | yat tv āryāḥ kriyamāṇaṃ praśaṃsanti sa dharmo yad garhante so 'dharmaḥ | ... samyagvinītānāṃ vṛddhānām ātmavatām alolupānām adāmbhikānāṃ vṛttasādṛśyaṃ bhajeta	Dharma and adharma do not announce themselves; gods and ancestors do not point them out. Look to conduct praised by disciplined, mature, self-controlled, non-greedy, sincere people.	Not pure individual reason: the solution is ethically qualified communal judgment. Also numbered 1.20.6–8 in another scheme.	Verified primary Sanskrit; numbering crosswalk	apastamba_dharma_discernment	https://gretil.sub.uni-goettingen.de/gretil/1_sanskr/6_sastra/4_dharma/sutra/apastd_u.htm
67	B	Arthaśāstra	Kauṭilya Arthaśāstra	1.2.10–12	sāṃkhyaṃ yogo lokāyataṃ ca ity ānvīkṣikī | dharmādharmau trayyām arthānarthau vārttāyāṃ nayānayau daṇḍanītyāṃ balābale caitāsāṃ hetubhir anvīkṣamāṇā lokasyopakaroti | pradīpaḥ sarvavidyānām upāyaḥ sarvakarmaṇām | āśrayaḥ sarvadharmāṇāṃ śaśvad ānvīkṣikī matā	Inquiry examines dharma and adharma, gain and loss, policy, strength and weakness by reasons; it is a lamp for all sciences and a means for all actions.	Classical defense of ānvīkṣikī, including Sāṃkhya, Yoga and Lokāyata.	Verified primary Sanskrit	anviksiki_reason	https://www.wisdomlib.org/hinduism/book/kautilya-arthashastra-sanskrit/d/doc905503.html
68	A	Arthaśāstra	Kauṭilya Arthaśāstra	1.15.22–23	na kaṃcid avamanyeta sarvasya śṛṇuyān matam | bālasyāpy arthavad vākyam upayuñjīta paṇḍitaḥ	Despise no one; hear everyone’s view. A wise person should use a meaningful statement even from a child.	A direct status-independent rule for evaluating speech by content.	Verified primary Sanskrit	reason_from_child	https://gretil.sub.uni-goettingen.de/gretil/1_sanskr/6_sastra/5_artha/kautil_u.htm
69	B	Arthaśāstra	Kauṭilya Arthaśāstra	1.9.3–7	sahādhyāyino hy amātyaṃ parīkṣeran ... pratyakṣaparokṣānumeyā hi rājavṛttiḥ	Ministers should be tested through informed witnesses; royal affairs are known through direct observation, report, and inference.	Institutional testing and evidence; practical rather than spiritual.	Verified primary Sanskrit	practical_examination	https://gretil.sub.uni-goettingen.de/gretil/1_sanskr/6_sastra/5_artha/kautil_u.htm
70	A	Nīti	Cāṇakya Nīti Sūtra	1.65	na devacaritaṃ caret	Do not imitate the conduct of gods.	Very concise parallel to Bhāgavata 10.33.30–31.	Verified digital Sanskrit	no_divine_imitation	https://sanskritdocuments.org/doc_z_misc_major_works/chANakyasUtra.html
71	C	Nīti	Cāṇakya Nīti Sūtra	2.37	na daivamātrapramāṇānāṃ kāryasiddhiḥ	Those who rely on fate alone do not accomplish their task.	Practical warning against single-factor fatalism.	Verified digital Sanskrit	practical_examination	https://sanskritdocuments.org/doc_z_misc_major_works/chANakyasUtra.html
72	B	Nīti	Cāṇakya Nīti Sūtra	2.40	pratyakṣaparokṣānumānaiḥ kāryāṇi parīkṣet	Examine undertakings by direct evidence, indirect report, and inference.	Compact practical epistemology.	Verified digital Sanskrit	evidence_inference	https://sanskritdocuments.org/doc_z_misc_major_works/chANakyasUtra.html
73	A	Nīti	Cāṇakya Nīti Sūtra	3.1	bālād api yuktam arthaṃ śṛṇuyāt	Hear a reasonable point even from a child.	Status does not determine truth.	Verified digital Sanskrit	reason_from_child	https://sanskritdocuments.org/doc_z_misc_major_works/chANakyasUtra.html
74	A	Nīti	Cāṇakya-rāja-nīti	120	yuktiyuktaṃ vaco grāhyaṃ na vaco gurugauravāt	Accept a reasoned statement, not a statement merely because of reverence for a guru.	Exact parallel of the Yājñavalkyaśikṣā manuscript wording; Cāṇakya collections are composite and edition-dependent.	Verified digitized edition; collection attribution qualified	yukti_guru_reverence	https://www.ambuda.org/texts/chanakyarajanitih/143
75	B	Yoga	Patañjali Yoga Sūtra	1.7	pratyakṣānumānāgamāḥ pramāṇāni	Perception, inference, and reliable testimony are means of valid cognition.	Testimony is one pramāṇa among three, not necessarily subordinate.	Verified primary Sanskrit	yoga_pramanas	https://www.wisdomlib.org/hinduism/book/yoga-sutras-with-bhojas-rajamartanda/d/doc1217002.html
76	B	Nyāya	Nyāya Sūtra	1.1.3	pratyakṣānumānopamānaśabdāḥ pramāṇāni	Perception, inference, comparison, and testimony are means of knowledge.	Nyāya’s four-pramāṇa framework.	Verified primary Sanskrit	nyaya_pramanas	https://gretil.sub.uni-goettingen.de/gretil/1_sanskr/6_sastra/3_phil/nyaya/gaunys_u.htm
77	B	Nyāya	Nyāya Sūtra	1.1.7	āptopadeśaḥ śabdaḥ	Testimony is the instruction of a trustworthy competent person.	Authority depends on āptatva, not a title alone.	Verified primary Sanskrit	nyaya_pramanas	https://gretil.sub.uni-goettingen.de/gretil/1_sanskr/6_sastra/3_phil/nyaya/gaunys_u.htm
78	B	Sāṃkhya	Sāṃkhya Kārikā	4	dṛṣṭam anumānam āptavacanaṃ ca sarvapramāṇasiddhatvāt | trividhaṃ pramāṇam iṣṭaṃ prameyasiddhiḥ pramāṇād dhi	Perception, inference, and trustworthy testimony are accepted; an object is established through valid means of knowledge.	Plural epistemology, not anti-scriptural.	Verified primary Sanskrit	samkhya_pramanas	https://sanskritdocuments.org/doc_z_misc_major_works/IshvarakRiShNasAnkyakArikA.html
79	A	Vedānta	Māṇḍūkya Kārikā	3.23	bhūtato 'bhūtato vāpi sṛjyamāne samā śrutiḥ | niścitaṃ yuktiyuktaṃ ca yat tad bhavati netarat	Scriptural creation language can be read in different ways; the settled meaning is the one supported by reasoning, not another.	Context reconciles apparently conflicting creation passages.	Verified primary Sanskrit	scripture_with_reason	https://advaitasharada.sringeri.net/display/splitWindow/Mandukya/AY/MK_C03_K23_B01
80	A	Yoga / Mokṣaśāstra	Mokṣopāya	2.18.2	api pauruṣam ādeyaṃ śāstraṃ ced yuktibodhakam | anyad ārṣam api tyājyaṃ bhāvyaṃ nyāyaikasevinā	Even a human-authored text may be accepted if it teaches with reason; even a sage-attributed text should be left if otherwise, by one devoted to sound reasoning.	Older Mokṣopāya recension; one of the strongest direct passages.	Verified primary Sanskrit	yoga_vasistha_reason	https://www.wisdomlib.org/hinduism/book/moksopaya-sanskrit/d/doc842385.html
81	A	Yoga / Mokṣaśāstra	Yoga Vāsiṣṭha	2.18.3	yuktiyuktam upādeyaṃ vacanaṃ bālakād api | anyat tṛṇam iva tyājyam apy uktaṃ padmajanmanā	Accept a reasoned statement even from a child; discard an unreasonable one like straw even if spoken by Brahmā.	Later Yoga Vāsiṣṭha recension; direct status-independent evaluation.	Verified primary Sanskrit	yoga_vasistha_reason	https://www.wisdomlib.org/hinduism/book/yoga-vasistha-sanskrit/d/doc249996.html
82	B	Vedānta	Vivekacūḍāmaṇi	11–15	cittasya śuddhaye karma na tu vastūpalabdhaye | vastusiddhir vicāreṇa na kiṃcit karmakoṭibhiḥ ... samyagvicārataḥ siddhā rajjutattvāvadhāraṇā	Actions purify the mind, but reality is established through inquiry; correct investigation resolves illusion as surely as recognizing a rope ends fear of a snake.	Traditional Advaita inquiry under a teacher.	Verified digital Sanskrit	advaita_inquiry	https://sanskritdocuments.org/doc_z_misc_shankara/viveknew.html
83	A	Vedānta	Vivekacūḍāmaṇi	54	vastusvarūpaṃ sphuṭabodhacakṣuṣā svenaiva vedyaṃ na tu paṇḍitena | candrasvarūpaṃ nijacakṣuṣaiva jñātavyam anyair avagamyate kim	Reality must be known through one’s own clear vision, not merely through a scholar—just as one must see the moon with one’s own eyes.	Direct-experience emphasis within a guru-led text.	Verified digital Sanskrit	own_realization	https://sanskritdocuments.org/doc_z_misc_shankara/viveknew.html
84	B	Vedānta	Vivekacūḍāmaṇi	58–65	vāgvaikharī śabdajharī śāstravyākhyānakauśalam | vaiduṣyaṃ viduṣāṃ tadvat bhuktaye na tu muktaye ... ajñānasarpadaṣṭasya brahmajñānauṣadhaṃ vinā | kim u vedaiś ca śāstraiś ca kim u mantraiḥ kim auṣadhaiḥ	Eloquence, torrents of words, and skill in explaining scripture may bring enjoyment, not liberation; texts and formulas alone do not cure ignorance.	Rejects sufficiency of verbal scholarship, not the need for teaching.	Verified digital Sanskrit	learning_not_realization	https://sanskritdocuments.org/doc_z_misc_shankara/viveknew.html
85	B	Vedānta	Vivekacūḍāmaṇi	472–479	śrutipramāṇaikamateḥ svadharmaniṣṭhā ... svānubhūtyā svayaṃ jñātvā svam ātmānam akhaṇḍitam	Scripture, reasoning, the teacher’s statement, and direct experience converge; the disciple must realize the undivided Self personally.	Conclusion of a strongly guru-centered Advaita work.	Verified digital Sanskrit	own_realization	https://sanskritdocuments.org/doc_z_misc_shankara/viveknew.html
86	B	Śaiva philosophy	Pāśupatasūtra Bhāṣya	1.1	pratyakṣānumānāptavacanam iti pramāṇāni	Perception, inference, and trustworthy testimony are means of knowledge.	Śaiva school’s pramāṇa statement; āgama remains authoritative.	Verified primary Sanskrit	saiva_pramanas	https://gretil.sub.uni-goettingen.de/gretil/1_sanskr/6_sastra/3_phil/saiva/pasupbhu.htm
87	B	Pāñcarātra	Prakāśasaṃhitā	1.10.41–47	pratyakṣam anumānaṃ ca āgamas tasya sādhanam ... yuktijanyaṃ tu vijñānam anumānikam ucyate	Perception, inference, and āgama are instruments of knowledge; inferential cognition is generated through reasoning.	Technical Pāñcarātra epistemology, not equal weighting of all sources.	Verified primary Sanskrit	pancaratra_pramanas	https://gretil.sub.uni-goettingen.de/gretil/1_sanskr/4_rellit/vaisn/prakassu.htm
88	A	Āyurveda	Caraka Saṃhitā, Vimānasthāna	8.3	buddhimān ātmanaḥ kāryagurulāghavaṃ karmaphalam anubandhaṃ deśakālau ca viditvā yuktidarśanād bhiṣag bubhūṣuḥ śāstram evāditaḥ parīkṣeta	A thoughtful would-be physician should first examine the medical text through reasoning, considering purpose, consequences, place, and time.	Direct instruction to test the śāstra before selecting a teacher.	Verified digital Sanskrit	caraka_test_text_teacher	https://www.carakasamhitaonline.com/index.php/Rogabhishagjitiya_Vimana
89	A	Āyurveda	Caraka Saṃhitā, Vimānasthāna	8.4	tato 'nantaram ācāryaṃ parīkṣeta ... paryavadātaśrutaṃ paridṛṣṭakarmāṇaṃ dakṣam ... anahaṅkṛtam anasūyakam akopanaṃ kleśakṣamaṃ śiṣyavatsalam adhyāpakaṃ jñāpanasamarthaṃ ca	Next one should examine the teacher: learned, experienced, competent, unpretentious, free from envy and anger, patient, caring toward students, and able to explain.	A detailed teacher-selection test.	Verified digital Sanskrit	caraka_test_text_teacher	https://www.carakasamhitaonline.com/index.php/Rogabhishagjitiya_Vimana
90	B	Āyurveda	Caraka Saṃhitā, Vimānasthāna	8.7	manāḥpurasarābhir vāgbhiḥ sūtram anukraman punaḥ punar āvartayet | buddhvā samyag anupraviśyārthatattvaṃ svadoṣaparihārārthaṃ paradoṣapramāṇārthaṃ ca	Repeat a teaching only with attention and after entering its meaning, so as to correct one’s own errors and assess errors in others.	Understanding, not rote repetition, is the stated aim.	Verified digital Sanskrit	understand_not_repeat	https://www.carakasamhitaonline.com/index.php/Rogabhishagjitiya_Vimana
91	A	Āyurveda	Caraka Saṃhitā, Vimānasthāna	8.17	na ca nigrahabhayād udvijet nigṛhya cainaṃ na hṛṣyet | na ca mohād ekāntagrāhī syān na cāviditam artham anuvarṇayet	Do not fear being refuted or boast after refuting another; do not become one-sided through delusion or speak about what you do not know.	Explicit debate ethics and anti-dogmatism.	Verified digital Sanskrit	caraka_debate_ethics	https://www.carakasamhitaonline.com/index.php/Rogabhishagjitiya_Vimana
92	A	Āyurveda	Caraka Saṃhitā, Vimānasthāna	8.37	siddhānto nāma sa parīkṣakair bahuvidhaṃ parīkṣya hetubhiś ca sādhayitvā sthāpyate nirṇayaḥ	An established conclusion is a determination tested in many ways by examiners and established through reasons.	One of the clearest classical definitions of a tested conclusion.	Verified digital Sanskrit	caraka_tested_conclusion	https://www.carakasamhitaonline.com/index.php/Rogabhishagjitiya_Vimana
93	A	Āyurveda	Caraka Saṃhitā, Vimānasthāna	8.67	tāḥ sarvāḥ samavekṣyāvekṣya sarvaṃ vākyaṃ brūyāt | nāprakṛtakam aśāstram aparīkṣitam asādhakam ākulam avyāpakaṃ vā | sarvaṃ ca hetumad brūyāt	After examining all sides, do not state what is irrelevant, unexamined, unproved, confused, or overbroad; everything stated should have reasons.	Strong rule for responsible argument.	Verified digital Sanskrit	caraka_debate_ethics	https://www.carakasamhitaonline.com/index.php/Rogabhishagjitiya_Vimana
94	C	Āyurveda	Caraka Saṃhitā, Sūtrasthāna	20.20	rogam ādau parīkṣeta tato 'nantaram auṣadham | tataḥ karma bhiṣak paścāj jñānapūrvaṃ samācaret	First examine the disease, then select the medicine, and only afterward act with knowledge.	Clinical sequence; practical evidence rather than authority.	Verified digital Sanskrit	practical_examination	https://www.siva.sh/caraka-samhita/sutra-sthana/20/20
95	B	Āyurveda	Caraka Saṃhitā, Śārīrasthāna	1.19–21	cintyaṃ vicāryam ūhyaṃ ca ... ūho vicāraś ca tataḥ paraṃ buddhiḥ pravartate	Reasoning and deliberation operate on what is to be thought through and inferred; intellect proceeds after inquiry.	Technical psychology of reasoning; thematic support.	Verified primary Sanskrit	caraka_reasoning_faculties	https://gretil.sub.uni-goettingen.de/gretil/1_sanskr/6_sastra/7_ayur/car_s_u.htm
96	B	Āyurveda	Suśruta Saṃhitā, Prabhāṣaṇīya	4.3–4	adhigatam apy adhyayanam aprabhāṣitam arthataḥ kharasya candanabhāra iva kevalaṃ pariśramakaraṃ bhavati | yathā kharaś candanabhāravāhī bhārasya vettā na tu candanasya | evaṃ hi śāstrāṇi bahūny adhītya cārtheṣu mūḍhāḥ kharavad vahanti	Study without understanding the meaning is like a donkey carrying sandalwood: it knows the weight, not the fragrance.	Critique of rote textual accumulation.	Verified digital Sanskrit	understand_not_repeat	https://www.easyayurveda.com/sushruta-4-prabhashaniya-adhyaya/
97	A	Āyurveda	Suśruta Saṃhitā, Prabhāṣaṇīya	4.7	ekaṃ śāstram adhīyāno na vidyāc chāstraniścayam | tasmād bahuśrutaḥ śāstraṃ vijānīyāc cikitsakaḥ	By studying only one science, one cannot gain certainty; therefore a physician should study widely.	Direct comparative-study principle, within medicine.	Verified digital Sanskrit	study_many_sciences	https://www.easyayurveda.com/sushruta-4-prabhashaniya-adhyaya/
98	A	Vaiṣṇava smṛti / ritual compendium	Hari-bhakti-vilāsa	1.45–46	paricaryāyaśolābhalipsuḥ śiṣyād gurur na hi | kṛpāsindhuḥ susampūrṇaḥ sarvasattvopakārakaḥ || niḥspṛhaḥ ... sarvasaṃśayasaṃchettā ... gurur āhṛtaḥ	One who desires service, fame, or gain from a disciple is not a guru; a guru is selfless, compassionate, and able to cut doubts.	Strong negative and positive qualification test.	Verified primary Sanskrit	hbv_teacher_qualifications	https://gretil.sub.uni-goettingen.de/gretil/1_sanskr/4_rellit/vaisn/hbhvil_u.htm
99	C	Vaiṣṇava smṛti / ritual compendium	Hari-bhakti-vilāsa	1.54	mahākulaprasūto 'pi sarvayajñeṣu dīkṣitaḥ | sahasraśākhādhyāyī ca na guruḥ syād avaiṣṇavaḥ	High birth, many initiations, and mastery of a thousand Vedic branches do not by themselves qualify one as guru.	Sectarian Vaiṣṇava criterion; useful only for the narrower point that status and learning are insufficient.	Verified primary Sanskrit	hbv_teacher_qualifications	https://gretil.sub.uni-goettingen.de/gretil/1_sanskr/4_rellit/vaisn/hbhvil_u.htm
100	B	Vaiṣṇava smṛti / ritual compendium	Hari-bhakti-vilāsa	1.73–76	iti tayoḥ parīkṣā cānyonyam ekābdaṃ sahavāsataḥ | vyavahārasvabhāvānubhavenaivābhijāyate || tayor vatsaravāsena jñātānyonyasvabhāvayoḥ | gurutā śiṣyatā ceti nānyathaiveti niścayaḥ	Guru and prospective disciple should test one another through a year of living together and observing conduct and character before establishing the relationship.	Mutual testing; an unusually concrete procedural safeguard.	Verified primary Sanskrit	mutual_year_test	https://gretil.sub.uni-goettingen.de/gretil/1_sanskr/4_rellit/vaisn/hbhvil_u.htm
101	A	Pāñcarātra (quoted)	Nārada Pañcarātra, quoted in Hari-bhakti-vilāsa	1.101	yo vakti nyāyarahitam anyāyena śṛṇoti yaḥ | tāv ubhau narakaṃ ghoraṃ vrajataḥ kālam akṣayam	The one who teaches without valid warrant and the one who receives such teaching wrongly are both condemned.	Nyāya here can mean correct scriptural/moral warrant, not merely formal logic; quotation location varies in later works.	Verified quotation; interpretation qualified	unwarranted_teaching	https://anusilana.in/yo-vakti-nyaya-rahitam-anyayena-srnoti-yah/
102	A	Śākta Tantra	Timirodghāṭana	11.18–22	śaktihīnaṃ guruṃ prāpya śiṣyasiddhiḥ kutaḥ priye | mūle naṣṭe drume devi kutaḥ puṣpaphalādikam ... pratyakṣapratyayo yatra na syād iha janmani	How can a disciple attain success from a guru without power? If the root is destroyed, whence flowers and fruit? The text further asks for present-life experiential assurance.	The manuscript is damaged in this passage; wording and segmentation are editorially uncertain.	Verified critical transcription; damaged manuscript	guru_without_power	https://gretil.sub.uni-goettingen.de/gretil/1_sanskr/6_sastra/3_phil/saiva/timudghu.htm
103	A	Kashmir Śaiva Tantra	Tantrāloka	13.335	āmodārthī yathā bhṛṅgaḥ puṣpāt puṣpāntaraṃ vrajet | vijñānārthī tathā śiṣyo guror gurvantaraṃ vrajet	As a bee seeking fragrance moves from flower to flower, a disciple seeking fuller knowledge may move from one guru to another.	Abhinavagupta quotes an earlier scriptural verse; also repeated at Tantrāloka 22.45–46.	Verified digital Sanskrit; quoted source family	bee_many_gurus	https://www.sanskrit-trikashaivism.com/en/tantraloka-13c-trika-scriptures-non-dual-shaivism-of-kashmir/863
104	A	Kashmir Śaiva Tantra	Tantrāloka	13.336	śaktihīnaṃ guruṃ prāpya mokṣajñāne kathaṃ śrayet | naṣṭamūle drume devi kutaḥ puṣpaphalādikam	How could liberation-knowledge be obtained through a guru without power? If a tree’s root is ruined, whence flowers and fruit?	Quoted Tantric criterion; parallel of Timirodghāṭana and Kubjikāmata.	Verified digital Sanskrit	guru_without_power	https://www.wisdomlib.org/hinduism/book/tantraloka-sanskrit/d/doc179708.html
105	A	Śākta Tantra	Kulārṇava Tantra	13.108 (widely cited; printed recensions vary)	guravo bahavaḥ santi śiṣyavittāpahārakāḥ | durlabho 'yaṃ gurur devi śiṣyaduḥkhāpahārakaḥ	Many gurus take a disciple’s wealth; rare is the guru who removes the disciple’s suffering.	Variants read citta-, hṛttāpa-, santāpa-, or duḥkha-; citation needs edition-specific checking.	Printed/received citation; variant flagged	exploitative_guru	https://archive.org/details/kularnavatantramramkumarrai
106	A	Śākta Tantra	Kubjikāmata Tantra	3.48	śaktihīnaṃ guruṃ prāpya śiṣye muktiḥ kutaḥ priye | mūlacchinne yathā vṛkṣe kutaḥ puṣpaphalādikam	How can a disciple gain liberation from a guru lacking power, just as a severed tree cannot bear flowers or fruit?	Parallel in the “powerless guru” textual family.	Verified digital Sanskrit; edition spelling normalized	guru_without_power	https://www.holy-writings.com/?a=SHOWTEXT&d=%2Fen%2FHinduism%2FKubjikamatatantra.txt
107	A	Classical kāvya	Kālidāsa, Mālavikāgnimitra	1.2	purāṇam ity eva na sādhu sarvaṃ na cāpi kāvyaṃ navam ity avadyam | santaḥ parīkṣyānyatarad bhajante mūḍhaḥ parapratyayaneyabuddhiḥ	Not everything is good merely because it is old, nor bad because it is new. The discerning examine and choose; a fool’s judgment is led by others.	Classical literature, not śruti or smṛti; exceptionally direct.	Verified digital Sanskrit	old_new_examine	https://shreevatsa.net/ryder/verses/verses.html
108	C	Advaita dialogue	Aṣṭāvakra Gītā	9.5	nānā mataṃ maharṣīṇāṃ sādhūnāṃ yogināṃ tathā | dṛṣṭvā nirvedam āpannaḥ ko na śāmyati mānavaḥ	Seeing the many differing views of sages, saints, and yogins, what thoughtful person would not become detached from opinion?	Late Advaita text; promotes dispassion more than a method of proof.	Verified digital Sanskrit	many_views_dispassion	https://sanskritdocuments.org/doc_giitaa/ashtgita.html
109	A	Received subhāṣita	Uncertain attribution; popular variant	verse number not established	yuktiyuktaṃ vaco grāhyaṃ bālād api śukād api | ayuktam api na grāhyaṃ sākṣād api bṛhaspateḥ	Accept a reasoned statement even from a child—or a parrot; do not accept an unreasonable one even from Bṛhaspati himself.	Widely circulated but exact classical source remains unverified; not to be cited as secure scripture.	Uncertain attribution; included only as flagged lead	yukti_guru_reverence	https://sanskritdocuments.org/doc_z_misc_subhaashita/sArthashrIyogavAsiShThasubhAShitAni.html
